time	gene_0	gene_1	gene_2	gene_3	gene_4	gene_5	gene_6	gene_7	gene_8	gene_9	gene_10	gene_11	gene_12	gene_13	gene_14	gene_15	gene_16	gene_17	gene_18	gene_19	gene_20	gene_21	gene_22	gene_23	gene_24	gene_25	gene_26	gene_27	gene_28	gene_29	gene_30	gene_31	gene_32	gene_33	gene_34	gene_35	gene_36	gene_37	gene_38	gene_39	gene_40	gene_41	gene_42	gene_43	gene_44	gene_45	gene_46	gene_47	gene_48	gene_49
0	0.32763470613622925	0.24760031840334318	0.11485982639437543	0.8098552128075078	0.4098377570728947	0.4738440968021734	0.09147061628367527	0.20903282754019906	0.3452314721241925	0.6576554442532151	0.5553572566955335	0.42950795126843805	0.35147420297968435	0.30524974910452185	0.7834953501957778	0.33032018267757485	0.7704296878950861	0.547997341013548	0.5090217698703363	0.7860108721367449	0.29396880543597015	0.8321702221251106	0.45856989138957993	0.4737858314988601	0.5043646834098046	0.29195918353804734	0.37453546006078375	0.47836181305568015	0.1371024753330044	0.5179123826338233	0.2266319779633505	0.4511104519898993	0.5420630185571694	0.5122033771028296	0.4338221704931121	0.23127855907879213	0.38353581736259124	0.5422724088084762	0.6205839651887334	0.6614312180534004	0.5917172699059089	0.2326904505000566	0.7467646547520841	0.5262701031053136	0.40168855507331713	0.6467523718770518	0.4623415816436945	0.5664990947352355	0.8506308963978466	0.6169547108319701
1	0.32467782647064	0.25121999568033615	0.11705763941016059	0.8036903976137594	0.40984087391587715	0.4608123345016235	0.08868643577495898	0.20641574672344157	0.3595727018084672	0.6248515887881665	0.522268104543475	0.43158871876479127	0.3555155868480029	0.28164895337994633	0.7728046419923562	0.347541217818279	0.7675042846284262	0.5713036710367616	0.5163934013000521	0.7916446718350841	0.28591276482479067	0.8183102598782834	0.436994800852836	0.47403194647293884	0.5088687811543771	0.31533431989010763	0.3858835353135458	0.4773184391410807	0.13817932200486424	0.5381829681795753	0.2232887718703527	0.46498070049333307	0.5433109540451467	0.5260736778281984	0.4192337530773163	0.23224426179007185	0.39054603739830873	0.5323320808494408	0.6094217181369961	0.6379191504976822	0.6097875198636218	0.21394328711107596	0.7608765827693498	0.5426041249504306	0.38973963894620167	0.6490378905481635	0.45623584873820766	0.5857721854870735	0.8591331926533146	0.6558032154759063
2	0.32434198528347646	0.2511380738777802	0.11692014091515635	0.8031160802239876	0.40979533551210257	0.45963127723673763	0.08855174232645434	0.20649913514581214	0.36030014462808113	0.6228898929400745	0.5202280700265425	0.43136030471557224	0.3558403721304922	0.2804285875133605	0.7719513401890823	0.34813973637727824	0.7673229923587284	0.5729219011320926	0.5165942858256755	0.7917673192169556	0.2853137353214271	0.8175436872906069	0.43584768277168034	0.47368516488647755	0.509178659135672	0.316808389248459	0.38652457396016515	0.4772662109951156	0.13834691264846002	0.5390811941237547	0.22322424291006293	0.46549526730695856	0.5433351896081301	0.5268725839690123	0.4182974006453748	0.23200139419682805	0.39108413416037896	0.5320255043152287	0.6089236713165969	0.636867150546838	0.6104229590437044	0.21307832408536884	0.7613609375842738	0.54331642552717	0.3896286614790342	0.6494000537571946	0.45602193172281297	0.5860719177877273	0.8594826084726948	0.6582150395826046
3	0.32584384439394665	0.255840038513235	0.12686352320344046	0.8086787278052489	0.41066725071344035	0.4773096162426429	0.08877560469055197	0.19824592512762015	0.3625334181986626	0.6281370101635001	0.5288737046576373	0.43679417030639167	0.3556832695991432	0.2840469624453034	0.7788553225038359	0.35867209187915555	0.7681213708086945	0.5618164554247211	0.5240272619828621	0.7941861368134685	0.2899351653397676	0.8170950684099632	0.4287119742687404	0.48710723977572407	0.5071168903412975	0.3103555866326429	0.385770665542882	0.4768694496916409	0.1371805683668012	0.5483397209385544	0.21892584339436086	0.47449175967813784	0.5439397100696223	0.5306703288520483	0.4237737356258598	0.23750547744699693	0.3911696756154135	0.5255621721471533	0.6047340254006714	0.627629026144165	0.6208330194403354	0.2085617863660045	0.7639341940705296	0.5497712760838953	0.3784264397709519	0.640488563176426	0.4548878902837518	0.6024328816249952	0.8634938397057951	0.6449744271556518
4	0.32601943141968365	0.2577520601078601	0.13263774631117833	0.8112519735571307	0.41104287631247227	0.48691708806130396	0.0889696160971058	0.19380591208215864	0.3638854941779333	0.6307156300961189	0.5333219873150197	0.4388928129471124	0.3560932636676012	0.2864374321372729	0.7821564361611749	0.3643356178058681	0.768533118795065	0.556186709415182	0.5281616121651675	0.7950265137764557	0.292225811033083	0.8167250332161471	0.4238419237457227	0.4944777077277126	0.5060692815748099	0.30705069789400496	0.385455610624615	0.47661461838649566	0.1369066493004126	0.5537952400991137	0.21656651563200105	0.47955177064639687	0.5441559010900328	0.5335488315743888	0.42665897099410544	0.23986878305384426	0.3920041535159319	0.5222114086300104	0.6023332069679876	0.6223147093339217	0.6263831494361153	0.20596342017821256	0.7645522856936481	0.5534429595000723	0.37329079550154715	0.6355805053444834	0.4546153626304909	0.610120947420466	0.8657556133358812	0.6379514684597224
5	0.3258767758805127	0.2592009742015235	0.13680558908597323	0.812536049138633	0.4112840798265968	0.492534385352001	0.0889329024534164	0.19070618710252732	0.36573640557945947	0.6302998313195983	0.5341683395273538	0.4403381805777709	0.3566825709737297	0.2866113302793044	0.7836407723973944	0.3692823072375416	0.7686204593344069	0.553937083107515	0.5314124654017705	0.795886343581224	0.29322552989759304	0.8155437492808968	0.41911675989058483	0.49944840867569934	0.5056610796879631	0.30635642249909045	0.3859808218897244	0.47637283211077214	0.13683148807880108	0.5587746586227788	0.21478239610758304	0.4838559202513308	0.54436764444645	0.5364504523280473	0.4276576176749372	0.24145149811102445	0.39310191884490464	0.5193454483265205	0.5999864395134683	0.6171510021408755	0.6311987920183031	0.203098049711254	0.7657484170465345	0.5569537597104046	0.36922081151860486	0.632416555910743	0.45408348497633766	0.6163131104873361	0.8677704869001932	0.635714706888561
6	0.32534137118931145	0.26020856145273474	0.14032781265570926	0.8131014867476725	0.41143008050745133	0.4963889107602846	0.08881553802805082	0.18814807616852164	0.36790897417994106	0.628384940665463	0.5332657145292712	0.44118115644362305	0.35755417437999776	0.2859114128038272	0.7841724094913168	0.37395175121022545	0.76855072489749	0.553384527875757	0.5343500135796179	0.7965947235856736	0.2935502272575405	0.8139065870592596	0.41400207535754385	0.5034207771992087	0.5055700620405259	0.30692180911850653	0.38694279137819265	0.4761177882651912	0.13698200348524092	0.5637845339818064	0.21321546500041694	0.4879512022869638	0.5445388434858437	0.539723167661785	0.42775905805644404	0.2424465870138383	0.39464198468122025	0.5167136680875175	0.5975741053699276	0.6118508807633246	0.6357300779523705	0.20001199469418895	0.7669404812899145	0.5605164968144855	0.36591124972785577	0.6299985118087542	0.4535510269681623	0.6215005412679935	0.8697428419342188	0.6357809564302784
7	0.3244695621661371	0.2607014707720266	0.14353510475341746	0.813327543209314	0.41149809290380235	0.49969021455736	0.08874409276301334	0.18588232138395488	0.3699668930249345	0.6263923987598367	0.5321752799748942	0.44140512328257303	0.3586395072030957	0.2854434456423469	0.7843554466111076	0.37807116101837673	0.7684632626415817	0.5532704803193864	0.5370152806755314	0.7969575172608518	0.2936517456015918	0.8123181933980622	0.408835228276195	0.5069425666042043	0.5055552871852244	0.3076295349023398	0.3878960769811163	0.47586573459768816	0.13733643649249658	0.5685183761091516	0.21180592686120722	0.4917037636923315	0.5446262059003149	0.5431455662377651	0.42772108837468736	0.24291703331950323	0.3965066452589114	0.514462436050902	0.5953330816145991	0.6069162364828731	0.639722598934234	0.19715695911279327	0.7675773286460494	0.5638097016133575	0.36351051724848116	0.6278708798876088	0.45326576788488016	0.6254411945818151	0.871557059278335	0.6361802618511767
8	0.32336644013968807	0.2608088560872344	0.14665454188977226	0.8134183929922439	0.41151566006395296	0.5029636608249679	0.08874047539254554	0.1837427497372578	0.37183680671296954	0.6247296459039688	0.5313812080176972	0.44118293737772346	0.3598684100329057	0.2854480463329084	0.7844593528642452	0.3817547833498661	0.7684016413535959	0.5531146388614467	0.5395188454128201	0.7970216631462409	0.29372186633628034	0.8108947357618577	0.4036884077636931	0.5103250364378779	0.5055271238301556	0.30812985929458336	0.38872541690921936	0.4756183014714214	0.13783472136612948	0.5730053528509702	0.21048199498842474	0.4952043830192284	0.5446420518087954	0.5466399995044601	0.42779652002261936	0.24303336754656235	0.3985876133864325	0.5125062743414341	0.5932625583438083	0.6023423380369829	0.6432894694939003	0.1945717715287634	0.7676684706526682	0.5668461358606296	0.36178134609340845	0.6258032165268093	0.4532249516593259	0.6284555045627701	0.873237851265272	0.636265863909573
9	0.32220944950682656	0.26072411633403286	0.14963827255387224	0.8134661648374102	0.41150971282289495	0.5061550108431672	0.08877754193071791	0.18175274459392293	0.3735041369708976	0.6233941792352886	0.5308679936888985	0.44075885906434203	0.36110556348451284	0.2857496555174043	0.7845610499705177	0.3850496837556718	0.768364375713384	0.5528619570027489	0.5418334409102117	0.7969286881126685	0.2938042185487884	0.809646624633292	0.3988183839222457	0.513523131491257	0.5054778204212554	0.308434225799337	0.38942852345723744	0.47538544856956294	0.13837807577233416	0.5771452995356358	0.20925758853693394	0.498416998761218	0.5446204522168646	0.5499918047153082	0.42797280033788593	0.24298123127363325	0.40067000386698404	0.5107887554133872	0.5913820729968966	0.5981761001572734	0.6464700607440297	0.19226985285278575	0.7674607624124918	0.5695991875025582	0.36045895254553956	0.6238255171336055	0.453318174447413	0.6308764921451817	0.8747643061718693	0.6360675133149599
10	0.3210999524277405	0.2605585533704925	0.1524194972282982	0.8135039177402954	0.41149440491594175	0.5091598876001755	0.08883408415129589	0.1799445494599119	0.3749724129632823	0.6223239814525878	0.5305556508873039	0.4402713848092643	0.36227224367913696	0.2861973651587765	0.7846742619698205	0.3879762592975605	0.7683442256030663	0.5525429698430342	0.5439300425684724	0.7967666212086454	0.2939010816673396	0.8085626434795039	0.39437423574758507	0.5164690776067162	0.5054147614314393	0.308600567856735	0.39002154513478976	0.4751731557265992	0.13890943500547798	0.5808767961879137	0.208148853082273	0.5013109130863006	0.5445824722505991	0.5530754092720547	0.42820610140020726	0.24286089707344227	0.4026284489899498	0.5092807227140111	0.5897014925210187	0.5944436529960297	0.6492830091992585	0.19024702867011078	0.7671177468699374	0.5720553437170222	0.3593965665992621	0.6219873223641385	0.45347197004945367	0.6328875675734631	0.8761245417146588	0.6356960642251853
11	0.32008574358963	0.2603697751659781	0.15495811520579203	0.813542956968938	0.4114766766101218	0.5119139081415672	0.08889746947045125	0.17833136829897622	0.3762534122665798	0.6214629546567212	0.5303786903960445	0.4397903686386323	0.3633317580666365	0.2866982907828495	0.7847971759620875	0.3905551220466785	0.7683353133032006	0.552191692099902	0.5457986010797312	0.7965830581653357	0.2940069607710977	0.8076271681046937	0.39041316742163795	0.5191272660314434	0.5053452363402294	0.30867605946076393	0.39052097187479706	0.47498370865318423	0.1394008342937942	0.5841837365683655	0.20716145589637158	0.5038795701871825	0.5445394532308784	0.5558382464123119	0.4284630377688171	0.24272234417966024	0.40440477648751405	0.5079613348253177	0.5882184304803	0.5911432442422149	0.6517501573046763	0.18848698628080915	0.7667306135832446	0.5742191720238508	0.3585141860752832	0.6203170921300647	0.4536453646691354	0.6345915302275892	0.8773196740809674	0.6352372600882493
12	0.3191844738333272	0.2601857817461506	0.1572375996425873	0.813585730949134	0.41145970231658846	0.5143883738047672	0.08896066958589009	0.1769117968161096	0.37736287911889566	0.6207666273860756	0.5302901960513114	0.4393479090007898	0.3642716335913311	0.28719934188141577	0.7849242218414523	0.3928105841721093	0.7683334694131353	0.5518342706640637	0.5474432552188476	0.7964022702103536	0.2941156653225279	0.8068238147455072	0.38693831844545573	0.5214886182101333	0.5052746179485916	0.30869422798894663	0.3909413075859934	0.4748171508746972	0.139840815694192	0.5870784643790007	0.20629321335645548	0.5061336241903804	0.5444971453766103	0.5582706477584859	0.4287217448335247	0.2425888564678816	0.4059796863919833	0.5068125448071907	0.5869225462651199	0.5882546116437475	0.6538979512904473	0.18696715071894132	0.7663473067909763	0.5761068921417009	0.3577666715375927	0.6188251868815847	0.45381686294545265	0.6360499253559788	0.8783588374402466	0.6347484713585153
13	0.3183977663948914	0.260018137366283	0.15925597983872464	0.8136307427992534	0.41144462946342664	0.5165764536309297	0.08902004704731173	0.17567679499427705	0.3783172825694938	0.6202008486585582	0.5302575214579306	0.4389554138405345	0.3650923212714468	0.2876720103478712	0.7850492418461533	0.39476769414627216	0.7683358238384672	0.5514894328490612	0.5488754174238714	0.7962352250325464	0.2942217355027756	0.8061372681348754	0.38392580659084174	0.5235591974734152	0.5052066333275688	0.3086781852978945	0.391294671493614	0.47467239273341333	0.1402269218927437	0.5895868674013129	0.20553793627873426	0.5080920587855428	0.5444581199716669	0.5603849895494143	0.42896855022692415	0.2424692209104791	0.407354606640173	0.5058186419014287	0.5858001295184926	0.5857492654358112	0.6557536522883693	0.1856636859756108	0.7659906350435676	0.5777395267117731	0.3571287450286723	0.6175112270651277	0.4539762830381047	0.6373003911780721	0.879254472226965	0.6342665964104492
14	0.3177196349189789	0.25987011939754456	0.1610199899129319	0.8136752543189413	0.41143163186688736	0.5184840761381332	0.08907389272091837	0.17461375894170073	0.37913240960842165	0.6197395674747759	0.5302582293258784	0.4386140419847075	0.3658004441553707	0.2881021338065024	0.7851669362313505	0.3964510521165698	0.7683404292062345	0.5511698058448677	0.5501098180984222	0.7960858979572376	0.2943209426695241	0.8055538266234324	0.38134017921898455	0.5253531738827735	0.5051437303321757	0.30864363164291037	0.39159103174581017	0.47454784700393143	0.14056112535921297	0.5917401297666472	0.20488763128378984	0.5097772756159606	0.5444232864128649	0.56220357196966	0.4291953029021563	0.24236516291060184	0.40854085294978465	0.5049656084564975	0.5848364766867332	0.5835959227854742	0.6573437240518523	0.18455372528077638	0.7656698336198517	0.5791393734775525	0.35658550048577203	0.6163687795165002	0.45411953780414593	0.6383677925312493	0.8800198739104648	0.6338145577597922
15	0.31714102637323927	0.2597414349762872	0.16254195932000642	0.8137166802048019	0.4114205087073217	0.5201248055543638	0.0891215286414093	0.17370845438004473	0.3798231282339338	0.6193625637872643	0.5302768846236995	0.4383206423453672	0.3664051879660947	0.2884835214412715	0.7852734340063572	0.39788497283394614	0.7683459683922979	0.5508832197113729	0.5511627311388684	0.795954994589242	0.2944103824728284	0.8050612068861082	0.3791419521886349	0.5268892211678445	0.5050873927678369	0.3086011993280824	0.3918387113280018	0.47444173558859765	0.14084729019074474	0.5935710964283774	0.20433349879366228	0.5112130426455536	0.5443927843594181	0.5637525103353584	0.4293975099160978	0.24227559312576896	0.40955385276399275	0.5042402907322763	0.5840167364967715	0.5817625277101311	0.6586937746460446	0.1836158511925699	0.7653874722532003	0.5803287581592299	0.356126568743373	0.6153878590868602	0.4542455227416452	0.6392712839616678	0.8806682502394342	0.6334059386172557
16	0.31665191763333617	0.2596304999742134	0.1638381031222887	0.8137531033259611	0.41141096381301634	0.5215169927090838	0.08916282824118961	0.17294591457825992	0.38040349652709254	0.6190537396939839	0.5303028667697599	0.4380705855958065	0.3669166303494472	0.28881446267331967	0.7853663232763817	0.39909374751894017	0.7683515565275034	0.5506338353199169	0.5520511871028883	0.7958418109792095	0.2944883378953402	0.8046482195176144	0.37729084537563157	0.5281886699606818	0.5050383877811043	0.30855804284548416	0.3920448334376266	0.47435222211389194	0.14108996840747695	0.5951128240755557	0.2038663764748556	0.5124236654651718	0.5443664274615546	0.5650590277622503	0.42957314209984415	0.24219860694277187	0.4104104739934786	0.5036298888566212	0.583326166976815	0.5802169327652923	0.659828767538224	0.1828300037436049	0.7651429851381356	0.5813296689320575	0.3557432246374344	0.6145562660693307	0.454354529142196	0.6400278656772626	0.8812124228908247	0.6330479926848666
17	0.3162419967209723	0.2595352063957759	0.16492754774244192	0.8137832865201522	0.4114026891243726	0.5226822501328282	0.08919800843162652	0.17231082888672394	0.3808869120170409	0.6188000308345013	0.5303290398316057	0.43785869912611775	0.3673451800857455	0.28909613926403405	0.785444411851507	0.40010169220319364	0.7683566211429848	0.550423031457862	0.5527926329105004	0.7957449187546113	0.29455404753769704	0.8043045178143393	0.3757467788760577	0.5292745821578262	0.504996945910917	0.30851880279077004	0.3922156237849935	0.47427745560846163	0.14129399219801125	0.596398138753714	0.203476925923474	0.5134336662295864	0.5443438652615622	0.5661505767990167	0.42972193269379627	0.24213210411032643	0.411128124815406	0.5031217886607663	0.5827501926587333	0.5789271080289106	0.6607731355924733	0.1821772649655121	0.7649340459587599	0.5821636950521102	0.3554274262116268	0.6138602867198507	0.4544476265918561	0.6406535749880712	0.8816647904718741	0.6327434242735399
18	0.3159008468129871	0.25945310230538876	0.16583157591894357	0.8138065300251944	0.41139537470653165	0.5236444639775809	0.0892275392318555	0.17178777991195937	0.3812861710006582	0.6185907609447681	0.530350944658241	0.4376794835320075	0.367701395288263	0.2893318823772002	0.7855074471661586	0.40093297160655206	0.7683608292057635	0.550250068962026	0.55340468785367	0.7956623779777485	0.29460748430147343	0.8040204724429743	0.37447021474818587	0.5301711321487536	0.5049628902384848	0.3084861930892663	0.3923565839251084	0.4742155898240823	0.14146435418561007	0.5974594041258079	0.2031557575590017	0.5142675334189315	0.5443246322990349	0.5670545252053064	0.42984494365582676	0.2420738858278368	0.41172445427311843	0.5027036014785379	0.5822744756734214	0.5778613612339989	0.6615507178057564	0.18163973228790845	0.7647570566900967	0.5828519509655753	0.35517166156841057	0.6132851658261541	0.4545264437160845	0.6411636558254377	0.8820373210929506	0.6324914853651381
19	0.3156181499647744	0.2593815295062208	0.16657279729874216	0.8138225601017401	0.4113887162943806	0.5244288591347055	0.08925207353814914	0.17136151976194844	0.38161340905211527	0.6184172371598002	0.5303662224751066	0.4375272980619376	0.36799576991862853	0.28952659327587404	0.7855558987478293	0.4016112551990162	0.7683640345064388	0.5501126073419135	0.553904821269783	0.7955919019001506	0.29464918294534875	0.8037871564711108	0.37342267784684824	0.5309029496488487	0.5049357367298652	0.3084614242429643	0.3924725785265505	0.47416481193876503	0.14160608217628168	0.5983281108041388	0.20289359276914704	0.5149493387361617	0.5443081859515876	0.5677977249058732	0.42994422823985995	0.24202172841488584	0.4122169976507109	0.5023633003125916	0.5818850867190187	0.5769887681871384	0.6621845304303732	0.1812005471518337	0.7646075278049633	0.5834148559541562	0.3549689172166078	0.6128155900192624	0.4545929988134039	0.6415725380102849	0.8823414695466889	0.6322888160739895
20	0.3153840226854239	0.2593178564643441	0.16717419402690636	0.8138314767176246	0.41138243703501604	0.5250609721939792	0.08927236704287046	0.1710173236930595	0.3818799560286525	0.6182724501160743	0.5303741145142136	0.43739668132487153	0.3682384040275157	0.289686107670456	0.785590800016922	0.402159269883717	0.7683662314699012	0.5500071523113131	0.554309932104106	0.7955310874906542	0.2946801044911739	0.803596397607193	0.3725675938532916	0.5314943461703877	0.5049147826758636	0.30844457446255424	0.3925678772622698	0.4741233855830138	0.1417240425678927	0.599034249850927	0.20268147741588635	0.515502212565791	0.5442939600827931	0.5684058430610432	0.43002251170339645	0.24197355313298727	0.4126226329452014	0.5020893982682063	0.5815687643503	0.5762797920315278	0.6626964222551415	0.18084404774934146	0.7644805678257931	0.5838717833319103	0.35481257578400566	0.6124362412977304	0.45464948277227724	0.6418938707963997	0.8825880155094679	0.6321302294146682
21	0.3151893842781726	0.25925973146353376	0.1676581490666171	0.8138337180476866	0.41137631252807916	0.5255656114225412	0.08928919712680365	0.17074136772398454	0.38209616571023813	0.6181508135409125	0.5303749956135647	0.4372827023664541	0.36843864591385617	0.28981655713284127	0.7856136093997359	0.4025983249856552	0.7683675119028878	0.5499294759445766	0.5546359020293936	0.7954776587066216	0.2947015130712227	0.8034408497400056	0.3718712164284598	0.5319685155823053	0.5048991901433411	0.3084349368682188	0.39264618088850034	0.4740896976823849	0.14182272740407914	0.5996056238551736	0.20251101044063596	0.5159477808552524	0.544281421748925	0.5689026305689985	0.430082883304919	0.24192761784814987	0.4129569919115719	0.5018711413234991	0.5813131988994796	0.5757069507490623	0.6631066901543125	0.18055596823749234	0.7643713923199534	0.5842406702760555	0.3546963035788279	0.612132364295839	0.4546980338887639	0.642140557872128	0.8827868732651115	0.6320094654954411
22	0.3150262360271498	0.2592052574359495	0.1680456029942611	0.813830003740757	0.41137018599510394	0.5259659512009369	0.08930329732135327	0.17052105514159294	0.3822712751314855	0.6180479233315718	0.5303699557599698	0.4371812083157746	0.36860481366124365	0.28992384229486756	0.7856260650799908	0.4029478888708603	0.7683680262525049	0.5498750093684485	0.5548972113184639	0.7954296465762839	0.294714853258707	0.8033140467079581	0.3713033741010436	0.532346842278341	0.5048880630602787	0.30843133034826065	0.3927106489132317	0.47406229682179485	0.14190609346085567	0.6000672717810321	0.20237454095887628	0.5163056835987938	0.5442701128757823	0.5693093367304024	0.43012852291662074	0.2418826387156685	0.4132340001780946	0.5016986891052013	0.5811072732302024	0.5752453817393035	0.6634337358791906	0.18032360846772302	0.7642757142790406	0.5845376861234017	0.3546140141447234	0.6118902591906592	0.4547405655900147	0.6423247115764669	0.8829469296709532	0.6319198634645451
23	0.3148877950629165	0.25915305076459144	0.1683554394538527	0.8138212496223995	0.4113639690146254	0.5262828692922022	0.08931531584193092	0.17034524038399626	0.382413325593678	0.6179603366828768	0.5303604536300904	0.4370889150904452	0.3687440481864885	0.2900132811329879	0.7856300346236857	0.4032252795552784	0.7683679517373745	0.5498391849120141	0.5551066765629351	0.7953854742909804	0.2947216317623226	0.803210419039993	0.3708378916666971	0.5326484099497417	0.5048805130377485	0.3084323552895562	0.39276393603797016	0.4740399162785293	0.1419774842827667	0.6004411125099715	0.20226530262343576	0.5165932527389681	0.5442596694172344	0.5696443796637811	0.43016248484582487	0.24183780915249536	0.4134656318028118	0.5015632568633968	0.5809412179948376	0.5748732090328627	0.6636938247969074	0.1801359279431426	0.7641899542139281	0.5847770205489892	0.35455992635694444	0.6116976377778095	0.4547786741807581	0.6424575200801877	0.8830759455939464	0.6318548981715341
24	0.3147684930805169	0.25910220405811873	0.16860412979619227	0.8138084688561631	0.41135763097744243	0.5265345622417482	0.08932579703157105	0.17020433439229896	0.38252915293256634	0.6178853765959788	0.5303480545233152	0.4370033644759878	0.3688622924810648	0.29008942908168645	0.7856273758235068	0.40344550043092836	0.7683674685192077	0.5498177042596063	0.555275327521505	0.7953439598938707	0.2947233145375552	0.8031252703513431	0.37045267716858293	0.5328897396307234	0.5048757097680445	0.3084365848947683	0.3928082378667568	0.47402148100777475	0.1420396283658394	0.6007458274225504	0.20217747589789817	0.5168253714777389	0.5442498210883745	0.5699232747501083	0.4301875480897576	0.2417927371534832	0.4136618706468429	0.5014571992079616	0.5808066700613915	0.5745716883240185	0.6639009744971832	0.17998355097684762	0.7641112888519733	0.5849708084690537	0.35452867858785186	0.6115438229650391	0.454813618076972	0.6425490811464869	0.8831805299358322	0.6318085589296353
25	0.31466388242688753	0.25905219617003034	0.16880561287493803	0.8137926795789256	0.41135118326445	0.5267364148563337	0.0893351794681895	0.17009030283079968	0.38262443804846225	0.6178209650680021	0.5303342502658155	0.43692280327010286	0.36896436200056043	0.29015603017110403	0.7856198250419612	0.40362122048471105	0.7683667436459886	0.549806721782855	0.5554124089390954	0.7953042685661645	0.2947212485710528	0.8030547199662759	0.3701295450760614	0.5330847354406458	0.5048729145613962	0.30844269426161697	0.3928453431115803	0.4740061016076253	0.14209468862741767	0.6009969462868712	0.20210618541034767	0.5170144957178424	0.5442403793477736	0.5701587626020375	0.4302061292721414	0.241747342370454	0.413830822348545	0.5013740290164637	0.5806966450757518	0.5743251552243542	0.664066970706152	0.17985869319465528	0.7640375946738804	0.5851291764006799	0.354515445909815	0.61141980581139	0.45484634351918896	0.6426082655191486	0.8832661772328798	0.6317755783466109
26	0.31457049435273543	0.259002788322893	0.16897135821625295	0.8137748328031655	0.41134466326164654	0.5269010689757817	0.08934380388995779	0.16999658210777985	0.38270380132886306	0.617765485000762	0.5303203490068084	0.4368460361906445	0.36905406703271043	0.2902160514158408	0.7856089212679617	0.40376287596705734	0.7683659215802944	0.5498029466434418	0.5555254778054266	0.7952658448148007	0.2947166117659288	0.8029956222948126	0.36985386800526726	0.5332447911592963	0.5048714982560497	0.30844953672151604	0.3928766886350333	0.4739930594702999	0.14214433751001126	0.6012070785939404	0.2020474476738568	0.517170798469187	0.5442312208472617	0.5703610634310492	0.4302202469908822	0.24170174876316503	0.413978913394704	0.5013083771575294	0.580605445621918	0.5741208257752154	0.6642014880355912	0.1797550302068292	0.7639673418309988	0.5852603798655359	0.3545160225019496	0.6113181915291727	0.45487753213150645	0.6426426494846146	0.8833373518386582	0.6317515372752057
27	0.3144856824437875	0.2589539300398743	0.16911055473440503	0.8137557654599392	0.4113381210978161	0.5270386296841691	0.08935192572518275	0.16991794087299414	0.3827709237187046	0.6177176686081736	0.5303074192607341	0.436772285536365	0.3691343564987599	0.29027176198669047	0.785595965471418	0.4038788598923578	0.7683651197975314	0.5498036771028944	0.5556205635835787	0.795228344351387	0.2947103888923973	0.8029454735741139	0.3696141381384772	0.5333790054441175	0.5048709463900598	0.3084561795558851	0.39290341400971174	0.47398178696874793	0.14218983919822462	0.6013862329028566	0.20199808604935732	0.5173023944768818	0.544222271026656	0.5705381954626254	0.4302315240286491	0.2416561934859388	0.41411112728688715	0.5012559064496566	0.5805285281464818	0.5739485020330916	0.6643122846317894	0.1796675309631988	0.7638994765187667	0.5853709989131332	0.3545268545823304	0.6112330696840722	0.4549076534668808	0.6426585261324043	0.8833976008683481	0.6317328776521816
28	0.31440747078264886	0.2589056845286659	0.16923037324578277	0.8137361767867094	0.41133161002884644	0.5271569533005547	0.08935972899913304	0.16985031159390987	0.3828286795878594	0.617676509098096	0.5302962730197678	0.43670107258999263	0.3692074636081645	0.2903248315816034	0.7855820092898403	0.40397576462170254	0.7683644279947641	0.5498067845112027	0.5557023626796441	0.7951915751035441	0.29470336837073946	0.8029023148567378	0.36940149802923544	0.5334944591223815	0.5048708550898949	0.30846191075944157	0.392926413048439	0.4739718456234468	0.14223212832766782	0.6015421770511378	0.2019556279081486	0.5174156074200084	0.5442134900496213	0.5706963129593647	0.4302412147899491	0.24161095915970754	0.41423124534320915	0.501213196035874	0.5804623489149615	0.5738002289097429	0.6644054396794844	0.17959227540726622	0.7638333117602726	0.5854661629320113	0.3545450268932455	0.6111598401677042	0.45493701372146456	0.6426609835620917	0.8834496807026337	0.6317168530731321
29	0.314334416493857	0.25885817440743464	0.16933626170874794	0.8137166229959262	0.41132518022950176	0.5272619727047234	0.08936733988785193	0.1697906116398313	0.38287927000168875	0.6176411922063508	0.5302874750582981	0.43663212415011027	0.36927504238507963	0.2903764327806791	0.785567864981681	0.4040586472587672	0.7683639096783511	0.5498106641410616	0.5557744445614148	0.7951554500257639	0.2946961536964094	0.8028646378875374	0.36920928052099883	0.5335965176552039	0.5048709209489881	0.30846622670159796	0.3929463805800166	0.47396290429032395	0.14227188025118648	0.6016808043703078	0.20191819577232725	0.5175152501886501	0.5442048616625288	0.5708400352769767	0.43025024756956176	0.24156632855686044	0.41434207359655034	0.5011776114295735	0.5804042047781698	0.5736699382207223	0.6644856072180967	0.17952627160238668	0.7637684342108733	0.5855497822931233	0.3545682145728655	0.6110950200504869	0.4549657972697116	0.6426540289001451	0.8834956854593381	0.6317014417881931
30	0.314265490475416	0.2588115447478913	0.1694322432482598	0.813697524481493	0.4113188752852827	0.5273580273034966	0.08937483908820014	0.169736567976157	0.3829243484255678	0.617611044315693	0.5302813682813966	0.43656530201811594	0.36933828958794984	0.2904273388688632	0.7855541288424842	0.4041312944587374	0.7683636051653144	0.5498141674079716	0.5558394532215232	0.7951199510598828	0.2946891838031434	0.8028312983620899	0.36903258239298226	0.5336891318786677	0.5048709276152654	0.30846880840746677	0.3929638534749252	0.47395471868734734	0.1423095711866	0.6018064820489416	0.2018844009477014	0.5176048970571202	0.5441963847756544	0.5709727498938955	0.43025927373806444	0.2415225573559059	0.414445646282912	0.501147172596254	0.5803520799918993	0.5735531055756183	0.664556266014968	0.17946728303091863	0.7637046281495503	0.5856247708180389	0.3545946141118963	0.6110360496814223	0.4549941005230765	0.642640736398286	0.883537169303556	0.6316852410159434
31	0.31419997706049535	0.2587659394398219	0.16952119688291026	0.8136791805173572	0.4113127306183166	0.5274481753960741	0.08938227264994718	0.16968655485369852	0.3829651338754647	0.6175854941504038	0.530278107504922	0.43650055146604116	0.36939804977683666	0.29047801254851563	0.7855412116723148	0.4041964704370685	0.7683635352799539	0.5498165266111381	0.5558992932279909	0.7950851024548566	0.2946827577913096	0.8028014392158574	0.36886788559763894	0.5337751189929986	0.5048707311464062	0.3084694922113741	0.39297924553154207	0.4739471130379299	0.1423455281837104	0.6019223667350171	0.20185324527962395	0.5176871338862102	0.544188067304867	0.5710968802042227	0.43026871818086193	0.24147986007629263	0.4145434018182575	0.501120428926737	0.580304506355744	0.5734464366993642	0.6646199516240459	0.1794136728391085	0.7636418152031036	0.5856932487269046	0.3546228652234843	0.6109811104176878	0.45502195877081364	0.642623401797531	0.8835752574172419	0.6316673561991034
32	0.31413739181038236	0.25872148722593225	0.16960510892690717	0.8136617875721324	0.4113067731960592	0.5275344753108414	0.08938966116149644	0.16963944999161865	0.38300250894469307	0.617564045316653	0.5302776962036514	0.43643786466210993	0.3694549031844702	0.29052868329124354	0.7855293715627938	0.4042561383619099	0.7683637052355954	0.5498172800307093	0.5559552941508387	0.7950509515404959	0.29467706070180427	0.8027744251135213	0.36871273232364854	0.5338564130554809	0.5048702455699539	0.30846823887188357	0.3929928763086288	0.4739399642130206	0.14237996958837862	0.602030679457473	0.20182403429373977	0.5177637784702702	0.5441799217947981	0.571214114233448	0.43027882720535704	0.24143840497117366	0.4146363304073439	0.5010963466441355	0.5802604406932602	0.5733475924048259	0.664678462376008	0.17936426858568738	0.7635800076091415	0.5857567203463486	0.3546519723092986	0.6109289614488317	0.45504936698554016	0.6426036903823236	0.883610742825188	0.6316472944147905
33	0.31407741584049137	0.25867829448116336	0.16968528923717052	0.8136454585235885	0.4113010220269339	0.5276182284038501	0.0893970073165985	0.1695945117261763	0.38303710197656154	0.6175462572563785	0.5302800225104318	0.43637725557055373	0.3695092372085192	0.2905794125507982	0.7855187458105412	0.40431165044559825	0.76836410836007	0.5498162024160815	0.5560083506658688	0.7950175552858124	0.29467218813225354	0.8027497881990425	0.36856545470562324	0.5339342798877156	0.5048694295637227	0.30846510388945675	0.39300499433116887	0.4739331884669179	0.14241303701520447	0.6021329371967468	0.2017963031482533	0.5178360677556931	0.5441719624093723	0.5713255941466716	0.4302897116231797	0.2413983146257631	0.41472509444819383	0.5010742114566269	0.5802191612073145	0.5732549557871092	0.6647330355358331	0.1793182485806881	0.7635192728020154	0.5858162244128888	0.3546812311277892	0.6108787993617084	0.45507629558340773	0.642582771012312	0.8836441680939955	0.6316248676378511
34	0.31401984467065414	0.25863644252204626	0.16976255095057668	0.8136302410208331	0.4112954890878447	0.5277001819486186	0.08940430197145864	0.16955127738806164	0.38306935394547825	0.6175317325064346	0.5302848921277793	0.43631874347163907	0.3695613030491944	0.2906301470434887	0.7855093800064084	0.4043639058185436	0.76836472945579	0.5498132437077075	0.556059038175054	0.794984971268088	0.2946681683835364	0.8027271844086324	0.3684249563100094	0.5340094954303608	0.5048682747655352	0.3084602107100372	0.3930157953089392	0.4739267306636637	0.14244481998090447	0.6022301421478147	0.20176975549328696	0.5179048119743227	0.5441642029527505	0.571432068904008	0.43030138384825795	0.24135966990193483	0.4148101241447569	0.501053547233713	0.580180182468165	0.5731674411775045	0.6647844931565768	0.17927504914187503	0.7634597072902031	0.5858724573505516	0.3547101637872496	0.6108301413042028	0.4551027020454409	0.6425614322580538	0.8836758922237565	0.6316001088726809
35	0.31396454942853824	0.2585959878180927	0.16983735533958044	0.8136161339753892	0.41129018044046517	0.5277806933182747	0.08941152885116256	0.16950948168928942	0.3830995714222659	0.6175201084995253	0.5302920568652639	0.4362623428155172	0.36961125939683853	0.29068076095109663	0.7855012532802901	0.40441347778778547	0.768365547685282	0.5498084772246651	0.556107705462883	0.79495325194491	0.29466498148689363	0.8027063591963807	0.3682905402436853	0.5340824893503944	0.5048667959236477	0.30845372769719437	0.3930254361067124	0.4739205557663022	0.14247537437931274	0.6023229321091893	0.2017442144482791	0.5179705179133482	0.5441566556521306	0.5715340139258511	0.43031378866883513	0.24132251558506607	0.4148916914280351	0.5010340501056263	0.5801431876409473	0.5730843417803512	0.6648333593535612	0.1792342909708784	0.7634014180182737	0.5859258715522336	0.3547384633855842	0.6107827307234146	0.45512853920593715	0.6425401795007681	0.8837061438991729	0.63157320221952
36	0.31391144825317463	0.2585569639350742	0.16990992519088016	0.8136031016892963	0.4112850973775587	0.5278598589358363	0.08941866808951972	0.16946899302229698	0.3831279674254089	0.6175110524899605	0.5303012382843628	0.4362080576070464	0.36965920520668505	0.29073108828641325	0.7854942993376147	0.4044607135721185	0.7683665389451411	0.5498020574401492	0.5561545468843624	0.7949224413459438	0.2946625749248342	0.8026871213136086	0.36816177757734125	0.5341534573660274	0.5048650228946723	0.308445849177202	0.3930340452169651	0.4739146422957279	0.14250473593088256	0.6024116967453637	0.20171958439130136	0.5180334847904426	0.5441493304908245	0.5716317223646549	0.43032682790197946	0.24128686663208052	0.4149699655444755	0.5010155365536623	0.5801079759170186	0.5730052114532873	0.6648799520104397	0.17919572224490918	0.7633445096357481	0.5859767516170231	0.35476594841361186	0.610736463516045	0.45515376091136	0.6425193136388421	0.8837350627386503	0.6315444266118615
37	0.3138604858908601	0.25851938439106736	0.16998033097938614	0.8135910854878113	0.4112802375022751	0.5279376125430231	0.0894256987926637	0.16942976515897118	0.3831546920999915	0.617504258513054	0.5303121464623249	0.43615587892567986	0.36970520355103825	0.29078094683960115	0.7854884233583845	0.40450581031707944	0.7683676777402593	0.5497941867586683	0.556199657023344	0.7948925734895977	0.29466087616153447	0.8026693232501398	0.36803840946303595	0.5342224465643183	0.5048629943660701	0.30843678046875145	0.3930417304385612	0.4739089774442702	0.14253292963929706	0.6024966649757922	0.20169582201702668	0.5180938767475768	0.5441422349271712	0.5717253727403557	0.43034037947612114	0.24125271432080883	0.4150450536173428	0.5009979036424691	0.5800744228522886	0.5729297754906385	0.6649244525267003	0.17915917580273866	0.7632890763229558	0.586025271871522	0.3547925262974001	0.6106913318603641	0.4551783256514121	0.642498993090381	0.8837627303676173	0.6315141121309867
38	0.31381161969814947	0.2584832458714538	0.17004855434270347	0.8135800129544207	0.41127559568722233	0.5280137976957163	0.08943260080933167	0.16939180175039056	0.38317985511456243	0.6174994455742152	0.5303244942242895	0.43610578452279025	0.3697492983765541	0.2908301551494866	0.7854835150943843	0.404548871362036	0.76836893860054	0.5497850903059598	0.5562430708305488	0.7948636719872143	0.29465980227833205	0.8026528470261705	0.3679202765818821	0.5342894181950751	0.5048607531074145	0.3084267265644046	0.3930485843836278	0.47390355353746305	0.14255997615787658	0.6025779686939556	0.2016729150792209	0.5181517760345873	0.5441353738737055	0.5718150774724845	0.4303543116628745	0.24122003188994337	0.41511702923165533	0.5009810994200861	0.5800424513154208	0.5728578652599713	0.664966957333243	0.179124537851464	0.7632351970445421	0.586071538503238	0.35481816505205854	0.6106473828347249	0.4552021986655082	0.6424792812962636	0.8837891931334897	0.6314826073527742
39	0.31376481052382227	0.2584485314455029	0.17011453318702244	0.8135698049998347	0.41127116489015725	0.5280882192776578	0.08943935587465016	0.1693551311531421	0.38320354150054686	0.617496356502941	0.5303380073831722	0.4360577397142657	0.36979152576972124	0.2908785438681587	0.7854794586401946	0.40458994655426456	0.768370297098675	0.5497749975603354	0.5562847920847386	0.7948357504272543	0.29465926710056983	0.8026375941670534	0.3678072701537592	0.5343542922430364	0.5048583425227009	0.3084158839986368	0.3930546883394832	0.4738983655637995	0.1425858958279625	0.6026556876280518	0.2016508673181968	0.5182072207047395	0.5441287498425909	0.5719009163922634	0.43036849324053544	0.24118877946071507	0.41518595172806366	0.5009651015747316	0.5800120109100224	0.5727893718980137	0.6650075147132751	0.179091725829781	0.763182933306904	0.5861156194011151	0.35484287185061575	0.610604689026664	0.4552253529361021	0.6424601820821425	0.8838144781485404	0.6314502560038769
40	0.31372001720254405	0.25841521356882885	0.1701781923466937	0.8135603810619861	0.4112669368227328	0.528160678423436	0.08944594827357255	0.16931978935492772	0.38322582243657083	0.6174947570962004	0.5303524316098598	0.4360116990050799	0.3698319210867775	0.2909259627514611	0.7854761394065358	0.40462906003047355	0.7683717305338609	0.5497641296219229	0.5563248127218591	0.7948088132368752	0.2946591862310179	0.8026234788637789	0.36769929950259506	0.5344169776722145	0.5048558042718077	0.3084044353857492	0.3930601149164084	0.4738934095277532	0.14261071101407172	0.6027298795818047	0.20162968822909982	0.5182602302267557	0.5441223631885235	0.5719829587619747	0.4303828003566958	0.24115890816649493	0.4152518784840514	0.5009499026102294	0.5799830639825249	0.5727242148245003	0.665046150103334	0.17906067335585044	0.7631323286803496	0.5861575644403217	0.3548666772959791	0.610563328590253	0.45524776939799094	0.6424416651626376	0.8838386041501184	0.6314173812099552
41	0.31367719363783836	0.25838325675515394	0.1702394631992841	0.8135516627528399	0.41126290248066105	0.5282309946958068	0.08945236514783643	0.16928580907594945	0.3832467622401999	0.6174944353188261	0.5303675365657655	0.43596760805233525	0.3698705230613207	0.29097228434313593	0.7854734488200835	0.40466622842022754	0.7683732183458593	0.5497526909790184	0.556363125219235	0.7947828568014782	0.29465948039408185	0.802610423495521	0.3675962719788524	0.5344773917192382	0.5048531767425323	0.3083925461138264	0.39306492982316443	0.4738886814198346	0.14263444723467134	0.6028005996522097	0.20160938651432683	0.5183108219277842	0.5441162124000216	0.572061276747946	0.43039712079622544	0.2411303635020521	0.41531487205720924	0.5009355000283882	0.5799555766091581	0.5726623214630446	0.6650828826082794	0.1790313205093195	0.7630834095070909	0.586197418540837	0.3548896242611126	0.6105233725390984	0.4552694366212201	0.6424236838637555	0.8838615884450347	0.6313842757382685
42	0.3136362876704288	0.25835261986793634	0.17029829508674782	0.8135435762570283	0.4112590525501691	0.5282990187656293	0.08945859654841862	0.16925321343978225	0.38326642259649324	0.617495200432079	0.5303831178925033	0.4359254057022128	0.3699073757790622	0.29101740524791436	0.7854712872347667	0.40470147193790973	0.7683747423191294	0.5497408647476245	0.5563997298535566	0.7947578706876117	0.2946600774602729	0.8025983558532094	0.36749808182051774	0.5345354710654366	0.504850494177778	0.30838036271775016	0.3930691930343858	0.47388417663502097	0.14265713347699874	0.6028679113831573	0.2015899662570772	0.5183590206828068	0.5441102944051696	0.5721359527380995	0.4304113562752054	0.24110308795426802	0.41537500369173386	0.5009218902490852	0.5799295132376215	0.5726036151908451	0.6651177350070756	0.17900360801320167	0.7630361863519233	0.586235229420825	0.354911760289377	0.6104848774153354	0.45529035016469044	0.6424061868683714	0.8838834509823102	0.6313511968191445
43	0.31359724111572823	0.25832325802610706	0.17035466086182918	0.8135360537593885	0.41125537770848053	0.5283646382557863	0.08946463531517725	0.16922201291102718	0.38328486484023566	0.6174968819930439	0.5303989975894187	0.43588502593220346	0.36994252921218496	0.29106124572256425	0.7854695654819601	0.4047348203631361	0.7683762866297608	0.5497288105023495	0.556434638302165	0.7947338388643334	0.29466091347359247	0.8025872075474032	0.3674046052427145	0.5345911771897126	0.5048477862901026	0.3083680125098291	0.3930729595485978	0.4738798897053496	0.14267880199072272	0.6029318922224841	0.2015714250371476	0.5184048637962542	0.5441046048693534	0.5722070823931844	0.43042542328639105	0.2410770230017349	0.41543235435931214	0.5009090652338108	0.5799048339218043	0.5725480091287801	0.6651507390913848	0.17897747417212775	0.7629906558649528	0.5862710515851595	0.35493313269421334	0.6104478818177399	0.45531051174743165	0.6423891254995308	0.8839042163913112	0.631318364339519
44	0.3135599905108124	0.25829512414507	0.17040855839544533	0.8135290341421345	0.4112518688365474	0.5284277788692605	0.0894704768473404	0.1691922044716834	0.3833021509233179	0.617499328714197	0.5304150232333238	0.43584639959988125	0.3699760388382795	0.2911037481620002	0.7854682054221127	0.4047663154878118	0.7683778377799745	0.5497166639647827	0.5564678747433451	0.794710740855641	0.29466193295349447	0.8025769132069052	0.36731569966378136	0.5346444977242052	0.504845078224354	0.30835560411007257	0.3930762798823686	0.4738758142426502	0.14269948777800157	0.6029926351272143	0.20155375337581727	0.5184484026017498	0.544099138471059	0.5722747748855089	0.4304392529273457	0.24105211058008866	0.41548701422420475	0.5008970109926599	0.5798814933208307	0.5724954039066514	0.6651819377876227	0.178952853678946	0.7629468028171511	0.5863049477518831	0.35495378564631713	0.610412405585449	0.45532992834379266	0.6423724577754217	0.8839239146386274	0.6312859614129173
45	0.31352446823841756	0.2582681701492542	0.17046000945933742	0.8135224631534488	0.4112485171613116	0.5284884024445953	0.08947611881301562	0.16916377224664433	0.38331834354248917	0.6175024072006589	0.5304310664157926	0.4358094559490757	0.370007964730483	0.2911448749243019	0.7854671397954324	0.4047960112423895	0.7683793844569129	0.5497045379570714	0.5564994753403429	0.7946885527843645	0.2946630886929989	0.8025674101764232	0.3672312054963115	0.53469544521612	0.5048423907562624	0.3083432285823165	0.3930792004039371	0.47387194301296803	0.14271922793533778	0.6030502477160761	0.20153693504001147	0.5184897019448748	0.5440938891480173	0.5723391514134254	0.4304527900545611	0.24102829410908652	0.4155390811894063	0.5008857073417257	0.5798594408326614	0.572445687985524	0.66521138517477	0.17892967761825027	0.7629046021423141	0.5863369886309239	0.354973758676014	0.6103784507080803	0.4553486112763972	0.6423561502139927	0.8839425808001596	0.6312541365289391
46	0.3134906037963146	0.2582423478995522	0.17050905704287397	0.8135162932114101	0.41124531434302464	0.5285465031762694	0.08948156083297933	0.1691366889890551	0.38333350577479575	0.6175060005975578	0.5304470206980167	0.4357741238583254	0.3700383703941287	0.2911846058254047	0.7854663116087136	0.40482397240716345	0.7683809173448904	0.5496925241566547	0.5565294867671944	0.7946672482879291	0.2946643412283646	0.8025586385035561	0.36715094935812087	0.5347440543460872	0.5048397406393467	0.30833096094275164	0.3930817635771021	0.47386826808526333	0.1427380609538093	0.6031048499997459	0.20152094785595978	0.5185288384129925	0.5440888503103992	0.5724003427813592	0.43046599202896785	0.2410055191704886	0.4155886589929466	0.5008751284355373	0.5798386213973077	0.5723987394897929	0.6652391452270744	0.1789078741737078	0.7628640208757116	0.5863672517303035	0.3549930861428243	0.6103460032651058	0.45536657535549196	0.6423401781420363	0.883960254314855	0.6312230066631768
47	0.3134583250583291	0.2582176098806256	0.17055576187168564	0.8135104829724867	0.41124225252103896	0.5286021029026271	0.08948680416352628	0.16911091799981962	0.38334770046601635	0.6175100071857037	0.53046279931514	0.4357403328387235	0.3700673215378869	0.29122293554103307	0.785465673241575	0.4048502725643262	0.7683824289135252	0.549680695299567	0.5565579642501594	0.7946467993003875	0.29466565811506684	0.8025505410696807	0.36707474789836486	0.5347903783642309	0.504837141033715	0.3083188618613729	0.3930840081616782	0.4738647810138132	0.14275602604686333	0.6031565714224913	0.2015057647802715	0.5185658979323433	0.544084015020758	0.572458486597744	0.43047882725159003	0.24098373391560804	0.4156358551757643	0.5008652437283886	0.5798189766376021	0.5723544288006143	0.6652652898803815	0.17888736968895655	0.7628250199227984	0.5863958196722746	0.35501179733076316	0.6103150358879758	0.4553838380941652	0.6423245250754189	0.883976977981697	0.6311926608816957
48	0.31342755943193007	0.25819390969126554	0.17060019866347909	0.8135049967634538	0.41123932432927784	0.5286552460949967	0.08949185139487902	0.1690864151855648	0.38336098953813896	0.6175143389635778	0.5304783328029464	0.435708013801759	0.37009488490063014	0.291259871078736	0.7854651854093299	0.40487499174788943	0.7683839131983747	0.5496691075734118	0.5565849694525886	0.7946271767044212	0.29466701311025423	0.8025430637684651	0.36700241169859343	0.5348344852744895	0.5048346019681342	0.3083069794232716	0.39308596939892665	0.47386147302689896	0.1427731625469839	0.6032055477160789	0.20149135505382257	0.5186009731600778	0.5440793761423762	0.5725137244591703	0.430491273632861	0.24096288926987555	0.41568077912951096	0.5008560191214708	0.5798004461098638	0.5723126213973416	0.6652898968382394	0.17886808984346347	0.7627875556231798	0.5864227783502919	0.3550299169164979	0.6102855103909665	0.45540041901478506	0.6423091815830563	0.8839927968791856	0.6311631641020057
49	0.3133982348601513	0.2581712023771743	0.17064245247581056	0.8134998039498571	0.41123652289047535	0.5287059949712107	0.08949670617529391	0.16906313106004958	0.3833734333219145	0.6175189202498609	0.5304935666703207	0.4356770996249338	0.3701211272056488	0.2912954294245938	0.7854648160814952	0.4048982140948753	0.7683853655858657	0.5496578030175511	0.5566105684184228	0.7946083508627921	0.29466838533337025	0.8025361556722965	0.36693374890882474	0.5348764541185486	0.5048321308012261	0.30829535085530596	0.3930876791977015	0.47385833520434917	0.14278950939241689	0.6032519178889124	0.20147768532368177	0.5186341609508098	0.5440749264588212	0.5725661993501573	0.43050331709459877	0.24094293899017485	0.4157235403484192	0.5008474181328423	0.5797829685166886	0.5722731806135465	0.6653130473929159	0.17884996078967258	0.7627515810977201	0.5864482151417261	0.35504746562911976	0.6102573803354836	0.45541633905193596	0.6422941439243423	0.8840077573234818	0.6311345607759927
50	0.3133702806458318	0.25814944464068995	0.17068261536405863	0.8134948782930511	0.41123384179636063	0.528754424996568	0.08950137296625314	0.16904101256985724	0.38338508997639925	0.6175236863350194	0.5305084592007124	0.4356475255456953	0.3701461142781441	0.2913296354249756	0.785464539424168	0.40492002568545343	0.7683867826104246	0.5496468118087248	0.5566348297049919	0.7945902920419264	0.29466975845379173	0.8025297691532868	0.3668685684259795	0.5349163715753085	0.5048297326591228	0.3082840041548532	0.3930891663284408	0.4738553586338938	0.1428051047111339	0.60329582154123	0.2014647206632591	0.5186655600664688	0.5440706587680958	0.5726160533862089	0.4305149501687625	0.2409238396198263	0.41576424694859715	0.5008394029878961	0.579766482793541	0.5722359701081556	0.6653348244305345	0.17883291016059918	0.7627170473821788	0.5864722173048832	0.35506446097672817	0.6102305933825801	0.45543162005026877	0.6422794126542541	0.8840219059344815	0.631106878341865
51	0.3133436280965292	0.25812859495679286	0.1707207834676768	0.8134901973309708	0.41123127507928187	0.5288006209169472	0.08950585683071063	0.16902000468062192	0.38339601502601595	0.6175285822040499	0.5305229794341637	0.4356192294140493	0.37016991033722246	0.29136251993128676	0.7854643348103701	0.4049405126751607	0.7683881617686571	0.549636154357107	0.5566578227742774	0.794572970741657	0.29467111993655026	0.8025238599438533	0.36680668252663745	0.5349543289925124	0.5048274108357349	0.3082729595817774	0.393090456626579	0.4738525345415507	0.14281998549996333	0.6033373966021687	0.20145242545360836	0.5186952692179091	0.5440665659549603	0.572663425955852	0.4305261707305496	0.2409055503763639	0.41580300447592267	0.5008319355725169	0.5797509290236681	0.572200855948835	0.6653553107123296	0.17881686790200674	0.7626839043607013	0.5864948706266329	0.3550809179583428	0.6102050933546391	0.45544628435127676	0.6422649913181396	0.8840352888452472	0.631080130354621
52	0.3133182110013596	0.25810861361966614	0.1707570545719402	0.8134857418047375	0.4112288171793556	0.5288446733843608	0.08951016325399838	0.16900005169908047	0.3834062610242604	0.6175335613461115	0.5305371053572461	0.43559215183220107	0.37019257745739337	0.29139411821272493	0.7854641859241053	0.4049597597627686	0.7683895013531118	0.5496258431728211	0.5566796166686814	0.7945563579452504	0.2946724603637496	0.8025183871340258	0.3667479089372785	0.5349904198969108	0.5048251671483766	0.3082622309933038	0.3930915732036511	0.47384985439487814	0.14283418739112647	0.6033767775188214	0.2014407641118053	0.5187233854706527	0.5440626410449128	0.5727084522686757	0.4305369808838093	0.24088803299886144	0.4158399149958764	0.5008249782227171	0.5797362491655486	0.5721677082717341	0.6653745874697756	0.1788017669142371	0.7626521015182881	0.5865162583437663	0.3550968497119721	0.6101808219741627	0.45546035446045696	0.6422508853051746	0.8840479510667839	0.6310543192508661
53	0.3132939659583894	0.25808946273940225	0.170791526144503	0.8134814951433628	0.41122646291007087	0.5288866761775947	0.08951429799546386	0.16898109833248226	0.3834158773393869	0.6175385846609445	0.5305508223103883	0.43556623620652535	0.37021417518471067	0.29142446862667104	0.7854640799703524	0.404977848997264	0.7683908003064609	0.5496158844882261	0.5567002789685358	0.7945404253031301	0.29467377283945007	0.8025133131101556	0.3666920723708497	0.5350247379818871	0.5048230022462331	0.3082518270151029	0.3930925366626444	0.47384730998026214	0.14284774449533424	0.6034140938843522	0.2014297016677115	0.5187500030098755	0.5440588772430756	0.572751262285421	0.43054738600284925	0.24087125157455969	0.4158750764416183	0.5008184943459989	0.5797223875966504	0.5721364025258666	0.6653927333149652	0.17878754350893528	0.7626215885341211	0.5865364603327546	0.35511226807302604	0.6101577202794799	0.45547385278510205	0.642237100891913	0.8840599360046927	0.631029438736896
54	0.3132708325746423	0.2580711062043085	0.17082429381574127	0.8134774430116526	0.4112242074243542	0.5289267239835359	0.08951826696799996	0.1689630905034013	0.3834249100492532	0.6175436194669292	0.5305641216094327	0.43554142873366997	0.3702347602874668	0.29145361152673266	0.7854640069936312	0.4049948589021088	0.7683920580957422	0.5496062796387718	0.5567198750106211	0.7945251452625083	0.29467505247887593	0.8025086034438663	0.36663900558523704	0.5350573755414069	0.5048209158724251	0.30824175205144916	0.3930933653135249	0.4738448934567963	0.14286068930935603	0.6034494694661238	0.20141920420005563	0.5187752122366815	0.5440552679608949	0.5727919799883264	0.43055739392531533	0.24085517235886142	0.4159085821874446	0.5008124488834137	0.5797092914892005	0.5721068203373778	0.6654098234447783	0.1787741376980417	0.7625923157382872	0.5865555525451738	0.3551271840334933	0.6101357297374953	0.4554868014326895	0.642223644481856	0.8840712851148074	0.631005475811507
55	0.31324875356151893	0.25805350962071577	0.1708554502545357	0.8134735729214375	0.4112220461823926	0.5289649106831464	0.08952207614217632	0.16894597594731603	0.3834334019283929	0.6175486386115132	0.5305769993698009	0.43551767833901844	0.3702543866193674	0.2914815883831757	0.7854639593013193	0.40501086388055496	0.7683932746055104	0.5495970262166073	0.5567384673369734	0.7945104911537181	0.2946762959781962	0.8025042267419007	0.3665885500323305	0.5350884223019893	0.5048189070825352	0.3082320071436569	0.3930940753849343	0.4738425973900129	0.1428730526759613	0.6034830215810026	0.20140923914813777	0.5187990991550554	0.5440518068331858	0.5728307229414716	0.43056701428491595	0.24083976359827086	0.41594052081114147	0.5008068086292713	0.579696911040074	0.5720788500434474	0.6654259291045135	0.17876149333875493	0.7625642344536716	0.5865736066567278	0.35514160810304174	0.6101147930853016	0.4554992220601847	0.6422105220307041	0.8840820376798568	0.6309824124493324
56	0.31322767474741237	0.25803664023924056	0.17088508438316966	0.8134698739029621	0.41121997492196954	0.529001328075549	0.08952573147155848	0.1689297046245052	0.38344139250907283	0.6175536196815076	0.5305894555164563	0.43549493658235006	0.3702731050732981	0.29150844108832025	0.7854639309838519	0.4050259338591869	0.7683944500482722	0.5495881190178685	0.5567561153389311	0.794496437242519	0.2946775012582959	0.8025001544677597	0.3665405561700929	0.5351179645964963	0.5048169744237055	0.3082225906898386	0.39309468122852886	0.473840414768951	0.1428848637849101	0.6035148607598492	0.2013997755178148	0.518821745003584	0.544048487727677	0.5728676020888355	0.430576257969463	0.24082499536239668	0.4159709760088503	0.5008015424293234	0.5796851995794126	0.5720523869512819	0.6654411172708786	0.17874955816045454	0.7625372972431608	0.586590689894107	0.35515555057979614	0.6100948549379752	0.45551113576530544	0.6421977386375073	0.8840922306872232	0.630960226978661
57	0.3132075450272503	0.2580204668740511	0.17091328087347063	0.8134663362312798	0.41121798963168343	0.5290360649709622	0.08952923883589507	0.16891422897848044	0.38344891819858806	0.6175585443083828	0.5306014929601152	0.4354731575424573	0.3702909636053502	0.2915342114194899	0.7854639175216908	0.40504013412556633	0.768395584890329	0.5495795508079094	0.5567728750609059	0.7944829587561951	0.2946786671744401	0.8024963607452947	0.36649488350759635	0.5351460848219974	0.5048151160790154	0.30821349904099943	0.3930951955131236	0.4738383390099613	0.14289615020488555	0.603545090643803	0.2013907840007207	0.5188432260857155	0.5440453047488467	0.5729027217399679	0.43058513668829407	0.24081083938856135	0.4160000266284972	0.5007966212792774	0.5796741135824899	0.5720273333774879	0.6654554505132757	0.17873828369919204	0.7625114580801773	0.586606865004025	0.35516902174212545	0.6100758622011051	0.45552256301174443	0.6421852982773775	0.8841018987879412	0.6309388951913296
58	0.3131883162661137	0.2580049598197823	0.17094011986895705	0.8134629512014722	0.41121608652713965	0.5290692065856155	0.0895326039990899	0.16889950407157345	0.383456012436657	0.6175633975620763	0.5306131169192253	0.4354522976898045	0.37030800731107205	0.291558940633532	0.7854639154680133	0.4050535253179907	0.7683966797910808	0.5495713129296499	0.556788799130345	0.7944700318898901	0.29467979328316873	0.802492822153129	0.36645140044683266	0.5351728611265671	0.5048133299819888	0.3082047269890944	0.3930956294065529	0.4738363639503632	0.14290693793768652	0.6035738080591527	0.2013822370246476	0.5188636137551568	0.5440422522375143	0.5729361796978357	0.4305936626330585	0.2407972689406905	0.41602774679160376	0.5007920183446849	0.5796636126076197	0.5720035985192796	0.6654689869944591	0.17872762516332752	0.7624866724582482	0.5866221903312396	0.35518203197423276	0.6100577643250086	0.45553352358137617	0.642173203650221	0.8841110743184536	0.630918391222745
59	0.3131699431713313	0.25799009076926605	0.17096567688287692	0.8134597109461675	0.41121426203002803	0.5291008341773076	0.089535832579187	0.16888548762535666	0.3834627058789507	0.6175681674258323	0.530624334367557	0.43543231575404073	0.3703242785385578	0.2915826691692137	0.7854639221960468	0.405066163529519	0.76839773555388	0.5495633957794867	0.5568039367837798	0.7944576337984093	0.2946808796578424	0.8024895175172533	0.3664099839769951	0.5351983672749557	0.5048116139059308	0.30819626816234363	0.39309599274389484	0.47383448383469134	0.1429172514874615	0.6036011032237608	0.2013741087512175	0.518882974517645	0.5440393247673652	0.572968067489356	0.4306018482166289	0.24078425868286094	0.41605420607765004	0.500787708921331	0.5796536591802751	0.5719810982030699	0.6654817805755887	0.17871754125096972	0.7624628974529909	0.586636719976166	0.3551945918383788	0.6100405134343264	0.4555440365475111	0.6421614561209368	0.8841197873687344	0.6308986882384438
60	0.31315238314476485	0.257975832734125	0.17099002282842454	0.8134566082889555	0.4112125127498821	0.529131024867478	0.08953893002794774	0.1688721399899641	0.3834690265951814	0.6175728443441242	0.5306351535883981	0.4354131725913146	0.3703398170256651	0.29160543643652165	0.7854639357005303	0.4050781004935698	0.768398753086648	0.5495557891734579	0.5568183339629664	0.7944457425776568	0.2946819267447718	0.8024864277075766	0.3663705192681039	0.535222672649408	0.5048099655324334	0.3081881153421596	0.39309629418135544	0.4738326932958426	0.14292711393916327	0.603627060045037	0.20136637503480279	0.5189013702158198	0.5440365171393317	0.5729984706655068	0.43060970587621406	0.24077178456702683	0.4160794697496226	0.500783670352751	0.5796442186405537	0.5719597545491821	0.6654938809955288	0.17870799393658887	0.7624400917476928	0.5866505040070765	0.3552067121057185	0.61002406436253	0.4555541202642382	0.6421500557288023	0.884128065882805	0.6308797589606469
61	0.31313559612452696	0.2579621599694478	0.17101322414422743	0.8134536366277171	0.4112108354682571	0.5291598516035056	0.08954190161794932	0.16885942406257068	0.38347500027253145	0.6175774208356425	0.5306455838180042	0.43539483105483534	0.37035466005119544	0.2916272806747585	0.7854639544437233	0.40508938382383963	0.7683997333706253	0.5495484826240153	0.5568320334594096	0.7944343372389643	0.29468293525261563	0.8024835354427297	0.36633289920214884	0.5352458423486605	0.5048083825029406	0.3081802607147346	0.39309654133566485	0.4738309873330115	0.14293654704167152	0.6036517564765763	0.20135901335437653	0.5189188582695864	0.5440338243745525	0.5730274691441413	0.43061724792832834	0.24075982373392255	0.41610359900361443	0.500779881918818	0.5796352589680452	0.5719394955844841	0.6655053340993172	0.17869894824087695	0.7624182156316528	0.5866635887063484	0.35521840375637903	0.6100083746164239	0.4555637923677922	0.6421390012467223	0.884135935780128	0.6308615760646176
62	0.3131195444231861	0.2579490479031699	0.1710353429848496	0.8134507898424784	0.4112092271250363	0.5291873832227378	0.08954475243547172	0.1688473051715839	0.38348065041737384	0.6175818911635478	0.530655634962858	0.43537725587094966	0.37036884259215985	0.29164823886413577	0.7854639772374699	0.4051000572865721	0.768400677435816	0.5495414655451665	0.5568450750897	0.7944233976788241	0.29468390606861117	0.8024808251061164	0.36629702387184454	0.5352679373547476	0.5048068624567593	0.30817269606885106	0.39309674090927027	0.4738293612879112	0.1429455712921384	0.603675264907294	0.20135200272778156	0.5189354919497823	0.5440312417064521	0.5730551375743848	0.4306244864649545	0.24074835442585668	0.4161266512291775	0.5007763247066914	0.579626750595242	0.5719202548281693	0.6655161820956265	0.17869037199484566	0.7623972309786737	0.5866760168344552	0.35522967795783017	0.6099934042913367	0.45557306978666895	0.642128290274185	0.8841434210886996	0.6308441124707215
63	0.3131041925676556	0.2579364730703719	0.1710564374521968	0.8134480622230646	0.4112076848065779	0.5292136845870395	0.08954748737774902	0.16883575093969738	0.3834859985501538	0.6175862510556265	0.5306653173772772	0.4353604135221033	0.3703823974812356	0.2916683466781795	0.7854640031540092	0.40511016108804154	0.7684015863418736	0.5495347274011387	0.5568574958878578	0.7944129046459165	0.29468484019610774	0.8024782825750901	0.3662628000699372	0.5352890147433517	0.5048054030583994	0.30816541294995153	0.3930968988019413	0.4738278108204225	0.14295420601904427	0.6036976525629155	0.20134532361589322	0.5189513206678801	0.5440287645723502	0.5730815457065724	0.4306314332818803	0.24073735591000495	0.4161486802704548	0.5007729814729868	0.5796186662180084	0.5719019708700107	0.6655264638275111	0.17868223560640914	0.7623771012115658	0.5866878278992073	0.3552405460289879	0.6099791159536301	0.4555819687578955	0.6421179193508784	0.8841505440827612	0.6308273415542042
64	0.31308950714441613	0.2579244130524316	0.17107656184915038	0.8134454484125156	0.4112062057354256	0.5292388167631858	0.0895501111534347	0.16882473113595137	0.3834910643899087	0.6175904974675548	0.5306746416898537	0.43534427213738575	0.3703953555601853	0.2916876384666243	0.7854640314593524	0.40511973216435915	0.7684024611633637	0.5495282578112213	0.5568693303041867	0.7944028397068285	0.294685738708755	0.8024758950642317	0.3662301407858824	0.5353091279188381	0.5048040020166501	0.30815840277901896	0.39309702020963216	0.47382633188451506	0.1429624694622202	0.6037189819048954	0.20133895782239125	0.5189663902687475	0.5440263886048932	0.5731067587560063	0.4306380998317361	0.24072680841081376	0.41616973668091867	0.5007698365038634	0.5796109806093716	0.571884586955304	0.6655362150446514	0.17867451183535468	0.7623577912572176	0.5866990584210293	0.35525101939596226	0.6099654745035292	0.45559050484743463	0.6421078840807734	0.8841573254198671	0.63081123729105
65	0.31307545665248576	0.2579128464207966	0.17109576694141324	0.8134429433628811	0.41120478726133636	0.5292628372300822	0.08955262828536735	0.1688142175243766	0.38349586602622776	0.6175946283831092	0.5306836186690173	0.43532880139087626	0.3704077458263689	0.2917061472605344	0.7854640615641136	0.4051288044642989	0.7684033029785102	0.5495220466211734	0.5568806104029395	0.7943931852114715	0.29468660271751	0.8024736509830037	0.3661989647216436	0.5353283268597632	0.5048026570973642	0.30815165694344027	0.39309710971158734	0.4738249207050319	0.1429703788487034	0.6037393110161864	0.20133288839335295	0.5189807433170989	0.5440241096235209	0.5731308377523895	0.4306444971956446	0.2407166930502085	0.4161898679668284	0.5007668754779018	0.5796036704410019	0.571868050586459	0.6655454686686064	0.1786671755806628	0.76233926749573	0.586709742187822	0.355261109543987	0.6099524470281604	0.4555986929731808	0.6420981792590036	0.8841637842735759	0.6307957743549725
66	0.3130620113655798	0.25790175268504684	0.17111410021742535	0.8134405423006108	0.4112034268534046	0.5292858000985735	0.0895550431149249	0.16880418371467393	0.38350042007748564	0.6175986426458383	0.5306922591196681	0.43531397240767455	0.3704195955705496	0.2917239047931537	0.7854640929876379	0.4051374092187853	0.7684041128606862	0.5495160839495655	0.5568913660534065	0.7943839242588981	0.29468743334735437	0.8024715398075265	0.3661691958342814	0.5353466583644979	0.5048013661315355	0.308145166865779	0.3930971713467517	0.4738235737557278	0.14297795046376735	0.6037586939668164	0.20132709951964592	0.5189944193712275	0.5440219236261068	0.5731538398696544	0.43065063606861487	0.2407069917944206	0.4162091188163315	0.5007640853351212	0.5795967141152305	0.5718523131477468	0.6655542550453026	0.17866020368259106	0.7623214977062225	0.5867199104951706	0.35527082796888354	0.6099400026520716	0.4556065474293897	0.6420887989959964	0.8841699384592611	0.6307809281776633
67	0.31304914320416694	0.25789111224487293	0.17113160613934117	0.8134382406992947	0.4112021220930933	0.5293077563335137	0.08955735980742095	0.16879460501866067	0.38350474183497785	0.6176025398173709	0.5307005738042753	0.43529975767728113	0.37043093050502773	0.2917409415314652	0.785464125332103	0.4051455751930403	0.7684048918720487	0.5495103602156862	0.5569016251108748	0.794375040663991	0.29468823172124375	0.8024695519658476	0.36614076290981995	0.5353641662897554	0.5048001270199278	0.30813892405528986	0.3930972086805653	0.4738222877387938	0.14298519971682677	0.6037771811550062	0.20132157644410595	0.5190074552399575	0.5440198267808677	0.5731758187331373	0.4306565267548481	0.24069768740639014	0.4162275313125318	0.5007614541542874	0.579590091609248	0.5718373295569975	0.6655626021811374	0.17865357474073126	0.7623044510112355	0.586729592369419	0.35528018613041945	0.6099281123903858	0.4556140819116955	0.642079736835071	0.8841758045515262	0.6307666749819252
68	0.31303682561758644	0.2578809063455885	0.1711483263805348	0.8134360342579645	0.41120087066801336	0.5293287539709136	0.08955958235813331	0.16878545831486724	0.38350884539315877	0.6176063200581654	0.5307085733830946	0.4352861309738583	0.37044177488174557	0.2917572867146479	0.7854641582639814	0.40515332891918976	0.768405641058833	0.5495048661541854	0.5569114135853487	0.7943665189253186	0.29468899894934936	0.8024676787358377	0.36611359917046055	0.5353808917772805	0.5047989377352302	0.30813292014606725	0.3930972248631996	0.47382105956597736	0.14299214120217485	0.6037948196216896	0.2013163053747111	0.5190198852205644	0.5440178154185951	0.5731968247027343	0.4306621791699956	0.2406887634028458	0.41624514512989025	0.5007589710397143	0.579583784332224	0.5718230579459895	0.6655705359607393	0.17864726894835456	0.7622880978210945	0.5867388147724598	0.3552891954091233	0.609916749008049	0.45562130954211033	0.6420709858611101	0.8841813979924431	0.6307529917951973
69	0.31302503347601557	0.2578711170368074	0.17116430004699468	0.8134339188835595	0.4111996703663182	0.5293488383254394	0.08956171459866309	0.1687767219226344	0.3835127437665851	0.6176099840271021	0.53071626836923	0.4352730672828393	0.3704521516004531	0.29177296839660294	0.7854641915008422	0.40516069490849765	0.7684063614479201	0.549499592820409	0.5569207557969994	0.7943583441943313	0.2946897361220944	0.8024659121546943	0.3660876419154541	0.5353968734658705	0.5047977963224883	0.3081271469249211	0.3930972226802395	0.4738198863413232	0.1429987887546942	0.603811653337863	0.20131127340437754	0.519031741316769	0.5440158860252399	0.5732169051319059	0.4306676028481184	0.24068020401530552	0.41626199771407124	0.500756626018062	0.5795777749954173	0.5718094593697499	0.6655780803456669	0.17864126794271398	0.7622724097791836	0.5867476027880634	0.3552978670674904	0.6099058868873273	0.455628242893591	0.6420625387989927	0.8841867331903959	0.6307398564492405
70	0.31301374297181594	0.2578617271339463	0.1711795638813831	0.8134318906764835	0.41119851907160737	0.5293680521854088	0.08956376020340732	0.168768375486295	0.3835164489944226	0.6176135327968442	0.5307236690951496	0.4352605427333233	0.370462082307322	0.2917880134904884	0.7854642248019564	0.4051676958433653	0.7684070540443757	0.5494945315894032	0.5569296745181045	0.794350502245972	0.2946904443058537	0.8024642449389754	0.3660628321947029	0.5354121476873224	0.5047967008983708	0.3081215963514175	0.39309720459674863	0.473818765345493	0.14300515550079906	0.603827723465305	0.20130646843757052	0.5190430534368782	0.5440140352348571	0.5732361046032465	0.4306728069516756	0.24067199415436738	0.4162781244458637	0.5007544099451186	0.5795720474948782	0.5717964975439329	0.6655852575542199	0.17863555467053663	0.7622573597087479	0.5867559797902631	0.3553062122160357	0.609895501904716	0.45563489401389884	0.6420543881012805	0.8841918236097009	0.630727247570343
71	0.3130029315296384	0.2578527201822453	0.17119415244955136	0.8134299459184349	0.4111974147582494	0.5293864359938217	0.08956572269599593	0.1687603998694783	0.38351997223352347	0.6176169677823775	0.5307307856880042	0.4352485345357097	0.37047158748459014	0.2918024478138108	0.7854642579615607	0.4051743527499027	0.7684077198297263	0.5494896741507818	0.5569381911017878	0.7943429794507245	0.29469112454047475	0.8024626704140772	0.36603911451335586	0.535426748645933	0.5047956496496855	0.30811626057197544	0.39309717279556794	0.47381769402158497	0.14301125390493924	0.6038430685919429	0.20130187912362263	0.5190538495728216	0.5440122598229108	0.5732544651418995	0.43067780028332153	0.24066411937677717	0.41629355879012986	0.500752314422206	0.5795665868060451	0.5717841386087392	0.6655920882231432	0.17863011326766584	0.762242921561612	0.5867639675947623	0.35531424178430393	0.6098855713177166	0.45564127444858504	0.6420465260252294	0.884196681851437	0.6307151445632708
72	0.31299257772458106	0.25784408042303625	0.17120809830999878	0.8134280810619093	0.4111963554870582	0.5294040280149639	0.08956760545559173	0.16875277705920014	0.3835233238411424	0.6176202906805517	0.5307376280516887	0.4352370209240455	0.3704806865319226	0.2918162961330789	0.7854642908039383	0.4051806851523089	0.7684083597607874	0.5494850125010402	0.5569463255982373	0.7943357627480678	0.29469177783800593	0.8024611824521032	0.36601643656516747	0.5354407085818916	0.5047946408314412	0.30811113192947936	0.3930971292106171	0.47381666996234756	0.1430170958120297	0.6038577249436144	0.20129749479644893	0.5190641559612509	0.5440105566999247	0.5732720264084317	0.43068259129864356	0.24065656585485393	0.41630833243092413	0.5007503317216185	0.5795613788893408	0.5717723509174162	0.66559859155239	0.17862492895166296	0.7622290703690238	0.5867715865946074	0.35532196649670245	0.6098760736614176	0.455647395263011	0.6420389446995906	0.8842013197260844	0.6307035275913144
73	0.31298266120767	0.25783579276202484	0.17122143216721694	0.813426292720926	0.41119533940126557	0.5294208644868059	0.0895694117229908	0.16874549007916292	0.3835265134483656	0.6176235034188088	0.5307442058540595	0.4352259811026049	0.3704893978402267	0.2918295822073717	0.7854643231797165	0.40518671121053423	0.7684089747689121	0.5494805389344287	0.5569540968592954	0.7943288396212903	0.2946924051821974	0.8024597754171374	0.36599474899215084	0.5354540579193747	0.5047936727646644	0.30810620296951774	0.39309707555587775	0.4738156908986672	0.14302269248618057	0.6038717265742045	0.20129330542022322	0.5190739972281186	0.5440089229054663	0.5732888258729415	0.4306871881192443	0.24064932034793937	0.41632247539400297	0.5007484547203707	0.5795564106057981	0.5717611048471715	0.6656047854343311	0.1786199879261238	0.7622157821947066	0.5867788558815069	0.35532939685285914	0.6098669886544885	0.4556532670633665	0.642031636181916	0.8842057483186607	0.6306923775540986
74	0.3129731626379383	0.2578278427393841	0.17123418301012305	0.8134245776626658	0.41119436472274895	0.5294369797598731	0.089571144606487	0.1687385229115549	0.38352955002528527	0.6176266081115904	0.5307505285181032	0.4352153951962631	0.3704977388586554	0.29184232883042666	0.7854643549629601	0.4051924478428093	0.7684095657595493	0.549476246033142	0.5569615226324304	0.7943221980735924	0.29469300752847044	0.8024584441170081	0.3659740051679817	0.5354668254004308	0.5047927438341109	0.3081014664440861	0.39309701335065705	0.4738147546892093	0.14302805464609392	0.6038851055362342	0.20128930154051478	0.5190833965182611	0.5440073556024444	0.573304898972217	0.43069159854577077	0.24064237017560397	0.41633601615795757	0.5007466768414758	0.5795516696417093	0.5717503726302744	0.6656106865688816	0.1786152772954746	0.7622030340901281	0.5867857933542188	0.35533654311211543	0.6098582971139815	0.4556589000166882	0.642024592507226	0.8842099780470694	0.6306816760643068
75	0.3129640636204186	0.2578202165014879	0.17124637823691302	0.8134229327997919	0.41119342974847967	0.5294524064235256	0.08957280708748351	0.16873186042657384	0.38353244193889063	0.6176296070231797	0.530756605216138	0.4352052442042719	0.37050572615551086	0.29185455787103404	0.7854643860487749	0.4051979108346241	0.7684101336120391	0.549472126657323	0.55696861964513	0.7943158266054084	0.2946935858041535	0.8024571837607226	0.36595416100266936	0.5354790382058867	0.5047918524859664	0.3080969153133818	0.39309694394165057	0.4738138593110905	0.14303319249747343	0.6038978920339453	0.20128547424036064	0.5190923756115178	0.5440058520716985	0.5733202792517179	0.4306958300706425	0.24063570319239735	0.4163489817551544	0.5007449920019612	0.5795471444413248	0.5717401282031651	0.6656163105660252	0.17861078498906693	0.762190804051927	0.5867924158153962	0.35534341528171287	0.6098499808782244	0.45566430386990064	0.6420178057289495	0.8842140187143765	0.6306714054240947
76	0.3129553466494095	0.25781290077413804	0.17125804376769282	0.8134213551833042	0.4111925328471673	0.5294671754207244	0.08957440202584696	0.16872548831889267	0.3835351970045616	0.617632502535947	0.5307624448663587	0.43519550995709366	0.3705133754737132	0.2918662903116493	0.7854644163512335	0.4052031149356901	0.7684106791795844	0.5494681739351879	0.5569754036807419	0.7943097141928679	0.29469414090885443	0.8024559899208349	0.36593517476614207	0.5354907220645448	0.5047909972255896	0.308092542746158	0.3930968685222546	0.473813002851468	0.14303811576276768	0.6039101145608374	0.2012818151007543	0.5191009550268704	0.5440044097068657	0.5733349984940511	0.4306998898903337	0.24062930776397554	0.41636139786359583	0.5007433945668569	0.5795428241466767	0.5717303470715154	0.6656216720371588	0.17860649969347242	0.762179070981416	0.5867987390582095	0.35535002310822045	0.6098420227370415	0.4556694879679239	0.6420112679530561	0.8842178795556935	0.6306615486016844
77	0.3129469950564356	0.25780588283715977	0.1712692041462084	0.813419841995822	0.4111916724560788	0.529481316152402	0.08957593216500925	0.16871939305031067	0.38353782253196483	0.6176352971231552	0.530768056131208	0.43518617507598867	0.37052070178143987	0.29187754628522056	0.7854644458015081	0.4052080739463113	0.7684112032893577	0.5494643812534471	0.556981889646726	0.7943038502673261	0.2946946737148887	0.8024548585001015	0.36591700692857443	0.5355019013519181	0.5047901766153329	0.3080883421189791	0.39309678814951177	0.47381218349994203	0.14304283370853624	0.6039218000234614	0.20127831616505526	0.519109154115986	0.5440030260095022	0.5733490868354847	0.4307037849171392	0.24062317274446987	0.4163732888907201	0.5007418793084396	0.5795386985436798	0.5717210061893392	0.6656267846765799	0.17860241079197772	0.7621678146460543	0.586804777943959	0.3553563760717603	0.6098344063685438	0.4556744612708906	0.6420049713662526	0.884221569280295	0.6306520892084367
78	0.31293899296238276	0.25779915050026125	0.1712798826319136	0.8134183905452279	0.4111908470780175	0.5294948565725318	0.08957740013682608	0.16871356179788358	0.3835403253660643	0.6176379933256242	0.5307734474171865	0.435177222935094	0.37052771931848644	0.29188834511027917	0.78546447434614	0.40521280079446875	0.7684117067427116	0.5494607422481088	0.5569880916362119	0.7942982246958905	0.2946951850677209	0.8024537857018588	0.3658996200154958	0.5355125991796786	0.5047893892724509	0.30808430701463274	0.39309670375901995	0.47381139954167234	0.14304735517069947	0.6039329738531141	0.2012749699068644	0.5191169911474317	0.5440016985844447	0.5733625728718909	0.43070752179040095	0.24061728745499136	0.41638467805005513	0.5007404413700772	0.5795347580137399	0.5717120838504395	0.6656316613343262	0.17859850831038326	0.762157015642777	0.5868105464717794	0.3553624833826165	0.6098271162817661	0.4556792323705275	0.6419989082590633	0.8842250961095475	0.6306430114765664
79	0.3129313252333453	0.25779269208006544	0.1712901012835113	0.8134169982586298	0.41119005527844876	0.5295078232749293	0.0895788084662049	0.1687079824068862	0.383542711923868	0.61764059373168	0.5307786268758067	0.4351686376257634	0.3705344416388314	0.2918987053243734	0.7854645019454094	0.4052173076047876	0.7684121903154691	0.5494572507956907	0.5569940229836685	0.7942928277628807	0.2946956757863975	0.8024527680036322	0.36588297847592544	0.5355228374769021	0.504788633867106	0.30808043121988465	0.39309661617808467	0.4738106493511262	0.14305168857789993	0.603943660106904	0.20127176920094775	0.5191244833826975	0.5440004251353953	0.5733754837553613	0.4307111068872036	0.2406116416631823	0.4163955874315448	0.5007390762340838	0.5795309934901861	0.5717035595906582	0.6656363140814531	0.17859478286831149	0.7621466553630692	0.5868160578414133	0.3553683539798465	0.609820137764476	0.4556838095057509	0.641993071044528	0.8842284678111573	0.630634300237568
80	0.31292397743978223	0.2577864963782348	0.17129988103498736	0.8134156626766144	0.41118929568276164	0.5295202415727336	0.08958015957551564	0.16870264334802823	0.38354498822745686	0.6176431009599137	0.530783602405475	0.4351604039229692	0.37054088164983656	0.29190864471594036	0.7854645285717929	0.40522160576042027	0.7684126547582779	0.5494539010048315	0.5569996963154017	0.7942876501521593	0.29469614666396565	0.802451802133555	0.36586704856198976	0.5355326370640797	0.5047879091204639	0.30807670872271453	0.3930965261373523	0.4738099313863806	0.14305584197317822	0.6039538815594808	0.2012687072968411	0.5191316471450357	0.5439992034607145	0.5733878452825883	0.43071454633256384	0.2406062255637432	0.41640603806626253	0.5007377796930641	0.5795273964189267	0.5716954140995861	0.6656407542687058	0.17859122563533125	0.7621367159596765	0.5868213245099192	0.3553739965315573	0.609813456835551	0.4556882005775255	0.6419874522731793	0.8842316917301958	0.6306259409013693
81	0.3129169358186281	0.2577805526606226	0.17130924176503884	0.8134143814477733	0.41118856697365985	0.5295321355714178	0.0895814557887986	0.16869753367841317	0.38354715993376387	0.617645517644353	0.5307883816541272	0.4351525072535915	0.37054705164845275	0.29191818035471545	0.7854645542084997	0.4052257059587503	0.7684131007970147	0.5494506872082742	0.5570051235955104	0.7942826829302818	0.29469659846787943	0.8024508850492346	0.3658517982186748	0.5355420177207633	0.5047872138028735	0.3080731337091374	0.3930964342811253	0.473809244183914	0.14305982303413745	0.6039636597865637	0.20126577779480898	0.5191384978819994	0.5439980314494114	0.5733996819759694	0.4307178460091485	0.24060102975987488	0.41641604998613807	0.5007365478242927	0.579523958722802	0.5716876291405566	0.6656449925794203	0.17858782829129471	0.7621271803148466	0.5868263582430646	0.35537941943654755	0.6098070602013808	0.45569241316303394	0.6419820446448729	0.88423477481729	0.6306179194361976
82	0.31291018723805325	0.2577748506373887	0.17131820236068646	0.813413152323495	0.411187867888673	0.5295435282360823	0.08958269933578211	0.16869264300579134	0.3835492323615106	0.6176478464217189	0.5307929720224899	0.43514493366644763	0.37055296335475807	0.291927328620778	0.7854645788480942	0.40522961826170034	0.7684135291332316	0.5494476039551841	0.5570103161678508	0.7942779175304141	0.29469703194039987	0.8024500139187547	0.3658371969825403	0.5355509982476001	0.5047865467321261	0.30806970055968874	0.3930963411765321	0.4738085863538293	0.14306363909175007	0.6039730152412496	0.2012629746238747	0.5191450502224443	0.5439969070773158	0.5734110171582617	0.43072101156655973	0.24059604524558284	0.4164256422792443	0.5007353769667306	0.579520672769183	0.5716801874779082	0.6656490390773866	0.17858458299036603	0.7621180320100118	0.5868311701620574	0.3553846308270599	0.6098009352158189	0.4556964545291986	0.6419768410179686	0.8842377236543263	0.6306102223491169
83	0.3129037191646051	0.25776938044402586	0.17132678077575472	0.8134119731530067	0.41118719721778274	0.529554441453688	0.08958389235572278	0.16868796145572038	0.38355121051564506	0.6176500899204898	0.5307973806678603	0.4351376698039237	0.3705586279431077	0.29193610523232355	0.7854646024912064	0.40523335214131945	0.7684139404446337	0.5494446460037631	0.5570152847944824	0.7942733457369731	0.2946974477989969	0.8024491861035525	0.36582321588838684	0.5355595965234129	0.5047859067717821	0.3080664038456358	0.39309624732169474	0.4738079565754594	0.14306729714793853	0.6039819673239486	0.20126029202167608	0.5191513180286571	0.5439958284034261	0.5734218730215068	0.4307240484302224	0.24059126338879772	0.41643483314111	0.5007342637003412	0.5795175313404218	0.5716730728106398	0.6656529032502914	0.1785814823282951	0.76210925529682	0.5868357707861737	0.35538963857242256	0.6097950698432725	0.45570033164559665	0.641971834416291	0.8842405444779633	0.6306028366671996
84	0.31289751963250273	0.2577641326232491	0.17133499408480973	0.8134108418786683	0.41118655380115754	0.5295648960907954	0.08958503690107955	0.16868347964129898	0.38355309910958163	0.6176522507515416	0.5308016145083208	0.4351307028750972	0.3705640560711376	0.2919445252722486	0.7854646251453377	0.40523691652122773	0.7684143353855863	0.5494418083141228	0.5570200396910024	0.7942689596709511	0.2946978467367603	0.8024483991429404	0.36580982738300316	0.5355678295578935	0.5047852928295603	0.30806323832496557	0.39309615315301993	0.47380735359331255	0.14307080389204496	0.6039905344466765	0.20125772451593607	0.5191573144441791	0.5439947935664179	0.5734322706908402	0.430726961809909	0.24058667591527064	0.4164436399224684	0.5007332048274135	0.5795145276068228	0.5716662697117104	0.6656565940492827	0.1785785193125517	0.7621008350694414	0.5868401700717673	0.3553944502833961	0.6097894526245714	0.4557040511968019	0.6419670180342315	0.8842432432012025	0.6305957499192896
85	0.31289157721488287	0.25775909810770187	0.1713428585330604	0.8134097565315035	0.41118593652699176	0.5295749120472998	0.08958613494103114	0.16867918863518672	0.383554902585494	0.6176543315001639	0.5308056802273156	0.4351240206302436	0.3705692579068326	0.2919526032136219	0.7854646468237644	0.4052403198144141	0.768414714587643	0.5494390860413885	0.5570245905591218	0.7942647517758851	0.2946982294228253	0.8024476507400812	0.36579700524524644	0.5355757135403948	0.5047847038557807	0.30806019893819	0.3930960590517168	0.4738067762133211	0.14307416571628945	0.603998734092328	0.20125526690736614	0.5191630519378091	0.54399380078131	0.5734422302837192	0.43072975670793184	0.2405822748932052	0.4164520791737906	0.500732197355644	0.5795116551018419	0.5716597635723364	0.6656601199251118	0.17857568733499288	0.7620927568380738	0.5868443774480702	0.35539907331707044	0.6097840726453104	0.4557076195941884	0.6419623852402949	0.8842458254332416	0.6305889501183176
86	0.31288588099682535	0.25775426820343883	0.17135038958265542	0.8134087152269652	0.41118534432944315	0.5295845083065821	0.0895871883648472	0.16867507994366565	0.3835566251328816	0.6176563347192819	0.5308095842785275	0.4351176113366373	0.3705742431538392	0.2919603529441091	0.7854646675445416	0.4052435699578074	0.7684150786600906	0.5494364745290027	0.5570289466167785	0.7942607148044392	0.29469859650281877	0.8024469387492522	0.3657847245118101	0.5355832638852389	0.5047841388418592	0.3080572808040044	0.3930959653496332	0.47380622329936267	0.14307738873030354	0.6040065828694655	0.20125291425384895	0.5191685423442057	0.5439928483362743	0.5734517709650271	0.43073243792702653	0.24057805271859006	0.41646016668690783	0.5007312384827665	0.5795089076992741	0.5716535405507387	0.6656634888612448	0.17857298014678166	0.7620850067035873	0.5868484018501392	0.35540351478218285	0.6097789195064035	0.45571104298722215	0.641957929579352	0.8842482964977908	0.6305824257441367
87	0.3128804205500057	0.25774963457414746	0.17135760195574737	0.8134077161609264	0.41118477618666516	0.5295937029824288	0.08958819898511977	0.16867114548253212	0.38355827070559384	0.6176582629237393	0.5308133328910042	0.43511146375556325	0.37057902107518037	0.2919677877894113	0.7854646873296077	0.4052466744439835	0.76841542819051	0.5494339693022156	0.5570331166260474	0.7942568418055684	0.2946989485993263	0.8024462611642547	0.36577296140812376	0.5355904952738966	0.5047835968188454	0.30805447921483137	0.3930958723344873	0.47380569377002507	0.1430804787748147	0.6040140965630886	0.20125066185576593	0.5191737969014456	0.5439919345895871	0.5734609109984471	0.4307350100779507	0.24057400210119959	0.4164679175339854	0.5007303255825495	0.5795062795922135	0.5716475875248661	0.6656667084042796	0.178570391835316	0.7620775713332463	0.5868522517492497	0.3554077815447523	0.6097739832966254	0.45571432727426986	0.6419536447738073	0.8842506614500163	0.6305761657268537
88	0.3128751859088432	0.2577451892260709	0.17136450967464062	0.8134067576058841	0.411184231118928	0.5296025133630317	0.08958916854086332	0.16866737755463979	0.38355984303747587	0.6176601185855133	0.5308169320744807	0.4351055671204646	0.3705836005155104	0.291974920535767	0.7854647062039862	0.40524964035031413	0.7684157637453467	0.5494315660617409	0.5570371089190653	0.7942531261122345	0.29469928631238396	0.8024456161078453	0.36576169328390484	0.5355974216943432	0.5047830768560035	0.30805178963227664	0.3930957802545624	0.47380518659559456	0.14308344143454912	0.6040212901817735	0.20124850524235685	0.5191788262858428	0.5439910579667115	0.5734696677944522	0.4307374775868125	0.24057011605122908	0.4164753461040773	0.5007294561920063	0.5795037652736065	0.5716418920486898	0.6656697856919526	0.17856791680296039	0.7620704379374557	0.5868559351809994	0.3554118802339422	0.6097692545669468	0.45571747811294777	0.6419495247238649	0.8842529250922468	0.6305701594306325
89	0.3128701675480271	0.25774092449360025	0.17137112609929647	0.8134058379073725	0.4111837081868264	0.5296109559523257	0.08959009870048923	0.16866376882893724	0.3835613456567719	0.6176619041297503	0.5308203876248613	0.43509991111615787	0.370587989922029	0.2919817634515655	0.785464724195083	0.4052524743658249	0.7684160858704869	0.5494292606775727	0.5570409314221636	0.7942495613296493	0.2946996102199915	0.8024450018220857	0.365750898552944	0.5356040564778566	0.5047825780594324	0.3080492076825233	0.3930956893229223	0.473804700795244	0.14308628205041082	0.6040281780015333	0.2012464401590127	0.5191836406442969	0.5439902169575059	0.5734780579552055	0.4307398447021466	0.24056638786653686	0.41648246613746315	0.5007286279996882	0.5795013595182427	0.5716364423117175	0.6656727274789854	0.1785655497474016	0.7620635942474832	0.5868594597713442	0.3554158172480821	0.6097647243064996	0.45572050093003325	0.6419455635070391	0.8842550919885632	0.6305643966379573
90	0.31286535636131724	0.2577368330255034	0.17137746396243073	0.8134049554805696	0.41118320648956846	0.5296190465088914	0.08959099106466088	0.1686603123208681	0.3835627818994097	0.6176636219315262	0.5308237051298187	0.4350944858590548	0.3705921973641594	0.2919883283081114	0.7854647413320703	0.40525518281598766	0.7684163950918419	0.5494270491829535	0.5570445916783672	0.7942461413240192	0.2946999208786485	0.8024444166595163	0.36574055663676064	0.5356104123334784	0.5047820995707243	0.30804672915168796	0.3930955997211994	0.473804235434406	0.14308900573098987	0.6040347736066894	0.20124446255541714	0.5191882496243958	0.5439894101135528	0.5734860973166336	0.4307421155017452	0.24056281112046113	0.4164892907579416	0.5007278388349475	0.5794990573660458	0.571631227101425	0.6656755401609774	0.1785632856434714	0.7620570284941129	0.5868628327607619	0.35541959876078927	0.6097603839200305	0.45572340093095953	0.641941755377036	0.8842571664783717	0.6305588675343415
91	0.31286074364152816	0.2577329077717599	0.17138353540240917	0.8134041088070902	0.41118272516334126	0.5296268000826196	0.08959184716903423	0.16865700137401513	0.3835641549212699	0.6176652743132423	0.5308268899744756	0.435089281878332	0.3705962305520872	0.2919946263995763	0.7854647576453588	0.4052577716856466	0.7684166919159295	0.5494249277684914	0.5570480968684097	0.7942428602117685	0.29470021882390735	0.8024438590750734	0.36573064791180704	0.5356165013803408	0.5047816405656593	0.3080443499811577	0.39309551160299855	0.47380378962231295	0.14309161736344683	0.6040410899280199	0.20124256857446263	0.5191926624024763	0.543988636045602	0.5734938009879024	0.4307442938992575	0.24055937965018645	0.41649583250323924	0.5007270866580713	0.5794968541065476	0.5716262357683395	0.6656782297965357	0.17856111972630231	0.7620507293871852	0.5868660610267141	0.35542323072714593	0.609756225206717	0.4557261831089124	0.6419380947621085	0.884259152689056	0.6305535626934763
92	0.31285632106161265	0.2577291419709743	0.17138935199411873	0.8134032964319537	0.41118226337975156	0.5296342310493046	0.08959266848688906	0.1686538296428878	0.3835654677095343	0.6176668635425813	0.5308299473471384	0.43508429009799615	0.37060009685424006	0.2920006685621726	0.7854647731661402	0.40526024664024934	0.7684169768304605	0.5494228927764262	0.5570514538303842	0.7942397123492204	0.294700504570944	0.802443327618678	0.3657211536599398	0.5356223351780278	0.5047812002529374	0.30804206626293074	0.3930954250969582	0.4738033625096935	0.1430941216238151	0.6040471392784111	0.20124075454187662	0.5191968877098136	0.5439878934211221	0.5735011833884983	0.4307463836505621	0.24055608754563162	0.4165021033536718	0.5007263695512044	0.5794947452644413	0.571621458193542	0.6656808021277977	0.17855904747569562	0.7620446860959881	0.5868691511045552	0.3554267188898913	0.6097522403402407	0.4557288522535473	0.6419345762629731	0.8842610545477798	0.6305484730628125
93	0.3128520806567708	0.25772552913833957	0.1713949247779735	0.8134025169607169	0.4111818203443358	0.5296413531433194	0.089593456431655	0.16865079107676292	0.38356672309319323	0.6176683918309581	0.5308328822450531	0.43507950181979504	0.37060380331378606	0.29200646519257795	0.7854647879260035	0.40526261304553496	0.7684172503049171	0.5494209406950421	0.5570546690781433	0.7942366923227139	0.29470077861514016	0.802442820928435	0.3657120560219044	0.5356279247551227	0.5047807778729456	0.30803987423497386	0.3930953403095023	0.4738029532866102	0.1430965229867599	0.6040529333862156	0.20123901695650068	0.5192009338570973	0.5439871809619583	0.5735082582830956	0.43074838835992163	0.24055292913883472	0.41650811475918414	0.5007256857099855	0.579492726586121	0.5716168847583853	0.6656832625994902	0.1785570646015976	0.7620388882304594	0.5868721092070177	0.355430068785601	0.6097484218500206	0.455731412959343	0.6419311946503616	0.8842628757925177	0.6305435899495693
94	0.31284801480751667	0.25772206305412526	0.17140026428719396	0.8134017690567589	0.41118139529513686	0.5296481794885032	0.08959421235933698	0.16864787990449798	0.3835679237527874	0.6176698613323994	0.53083569948016	0.4350749087069294	0.3706073566642159	0.2920120262656402	0.7854648019566123	0.4052648759858101	0.7684175127911314	0.5494190681532298	0.5570577488185438	0.7942337949391374	0.294701041432675	0.8024423377243843	0.36570333795361026	0.535633280636078	0.5047803726965607	0.3080377702766153	0.39309525732731404	0.4738025611804292	0.14309882573482782	0.6040584834264954	0.2012373524811721	0.5192048087573289	0.5439864974420872	0.5735150388143726	0.43075031148592297	0.24054989899381035	0.41651387766488057	0.5007250334358329	0.5794907940271294	0.5716125063162442	0.6656856163766489	0.17855516703058968	0.7620333258231672	0.5868749412423941	0.355433285750827	0.6097447626035244	0.45573386963360707	0.6419279448622696	0.8842646199823695	0.6305389050071701
95	0.3128441162236413	0.25771873775266596	0.17140538057348573	0.8134010514387136	0.4111809875013447	0.5296547226273822	0.08959493757084348	0.1686450906202478	0.38356907222944664	0.6176712741428023	0.5308384036848216	0.4350705027685218	0.370610763344073	0.2920173613513883	0.7854648152894373	0.4052670402809346	0.7684177647238543	0.5494172719151993	0.5570606989676269	0.7942310152168625	0.29470129348112234	0.8024418768027566	0.3656949831849913	0.5356384128665259	0.5047799840239887	0.30803575090398516	0.3930951762195607	0.47380218545391256	0.14310103396721993	0.6040638000503148	0.20123575793416262	0.5192085199472635	0.5439858416854685	0.5735215375339245	0.4307521563472101	0.2405469918968562	0.4165194025351485	0.500724411128821	0.5794889437404364	0.571608314166135	0.6656878683611095	0.17855335089330956	0.7620279893120339	0.586877652831517	0.35543637492817975	0.60974125578958	0.4557362265041494	0.6419248220009545	0.8842662905072181	0.630534410222097
96	0.312840377929014	0.2577155475118255	0.17141028323122964	0.8134003628780346	0.4111805962619968	0.5296609945488292	0.08959563331422186	0.1686424179700178	0.3835701709332859	0.6176726322995233	0.5308409993175079	0.43506627634480316	0.3706140295108858	0.2920224796313755	0.7854648279555378	0.4052691105021195	0.7684180065213195	0.5494155488753428	0.5570635251658096	0.7942283483770574	0.2947015352000505	0.8024414370306856	0.365686976181269	0.5356433310371398	0.5047796111836382	0.30803381276551595	0.39309509703989204	0.4738018254034231	0.14310315160811662	0.6040688934122261	0.20123423028113346	0.5192120746075074	0.5439852125639875	0.5735277664314028	0.4307539261280137	0.24054420284728753	0.41652469937646747	0.5007238172810992	0.5794871720654878	0.5716043000280606	0.665690023206869	0.17855161251272755	0.7620228695237752	0.5868802493236321	0.3554393412723344	0.6097378949026214	0.4557384876266367	0.6419218213297299	0.8842678905967783	0.6305300979011649
97	0.3128367932471721	0.2577124868429169	0.17141498142028563	0.8133997021966883	0.41118022090473616	0.5296670067142606	0.08959630078680371	0.16863985693899775	0.38357122215120965	0.6176739377812525	0.5308434906684169	0.4350622220929789	0.3706171610543537	0.29202738991437827	0.7854648399853863	0.4052710909866349	0.7684182385857968	0.5494138960532517	0.5570662327921597	0.7942257898353656	0.29470176701162065	0.8024410173413412	0.3656793021064514	0.5356480443061429	0.5047792535310308	0.3080319526375135	0.39309501982823686	0.4738014803572344	0.14310518241458178	0.6040737731960811	0.20123276662757003	0.519215479581368	0.5439846089954826	0.5735337369620053	0.4307556238834822	0.2405415270485778	0.4165297777589903	0.5007232504708038	0.5794854755179624	0.5716004560199449	0.6656920853344085	0.1785499483932113	0.7620179576580207	0.586882735811249	0.35544218955595064	0.6097346737278067	0.45574065689164195	0.6419189382695929	0.8842694233290843	0.6305259606592075
98	0.31283335578764915	0.2577095504810543	0.17141948388750308	0.8133990682649636	0.41117986078462365	0.5296727700824594	0.0895969411372645	0.16863740273962197	0.3835722280541737	0.6176751925081371	0.5308458818650198	0.4350583329737398	0.37062016360883493	0.2920321006514743	0.7854648514087292	0.4052729858515124	0.7684184613041354	0.5494123105888855	0.5570688269778195	0.7942233351939331	0.2947019893211828	0.8024406167294406	0.3656719467889142	0.5356525614205545	0.5047789104477451	0.3080301674198072	0.39309494461241645	0.47380114967393955	0.1431071299840708	0.6040784486392875	0.20123136421166313	0.5192187413925501	0.5439840299418587	0.5735394600724257	0.43075725254481945	0.2405389598998873	0.4165346468369726	0.5007227093564252	0.5794838507801839	0.5715967746360416	0.6656940589440549	0.17854835521031717	0.7620132452720907	0.5868851171440451	0.355444924375493	0.6097315863269505	0.4557427380314019	0.6419161683957194	0.884270891638452	0.6305219914071726
99	0.31283005943299813	0.2577067333759181	0.17142379898702356	0.8133984599993922	0.4111795152830028	0.5296782951331069	0.08959755546759988	0.1686350508003078	0.38357319070394613	0.6176763983421188	0.530848176877516	0.43505460223838444	0.37062304256517914	0.29203661995052255	0.7854648622544803	0.40527479900631974	0.7684186750482974	0.5494107897378949	0.5570713126186371	0.7942209802337686	0.29470220251786466	0.8024402342471116	0.3656648966889249	0.5356568907362572	0.504778581340398	0.30802845413148716	0.39309487140959254	0.47380083274095025	0.14310899776156616	0.6040829285556208	0.20123002039760468	0.5192218662617774	0.5439834744072772	0.5735449462253651	0.43075881492423274	0.24053649698795865	0.4165393153681255	0.500722192671591	0.5794822946921417	0.571593248726704	0.6656959480284595	0.17854682980125253	0.7620087242663994	0.586887397941896	0.3554475501569454	0.6097286270252222	0.4557447346262943	0.6419135074338578	0.8842722983229606	0.6305181833406198
100	0.3128268983264685	0.2577040306829151	0.17142793469945297	0.8133978763607728	0.4111791838064126	0.5296835918890993	0.08959814483502263	0.16863279675482806	0.38357411205940833	0.6176775570874546	0.530850379524186	0.435051023416522	0.37062580308194487	0.29204095559006715	0.7854648725506395	0.405276534165081	0.7684188801758788	0.5494093308670969	0.5570736943870594	0.7942187209074235	0.29470240697515315	0.8024398690000731	0.3656581388679811	0.5356610402369584	0.5047782656396573	0.30802680990673376	0.3930948002275677	0.47380052897308156	0.14311078904636146	0.6040872213566928	0.20122873266927166	0.5192248601224185	0.5439829414364241	0.5735502054226991	0.4307603137196978	0.24053413407936397	0.41654379173195516	0.5007216992202324	0.5794808042430725	0.5715898714794195	0.6656977563842561	0.178545369155958	0.7620043868704607	0.5868895826070916	0.35545007116141153	0.60972579039856	0.45574665011104676	0.6419109512566432	0.8842736460514828	0.6305145299286157
