source_world_id,edge_id,source_gene,target_gene,sign,strength,abs_strength,source_outdegree,target_indegree,is_in_largest_scc,is_cycle_associated
baseline_balanced_r010_t000,baseline_balanced_r010_t000_e0000,17,15,1,0.09880388,0.09880388,2,2,True,NA
baseline_balanced_r010_t000,baseline_balanced_r010_t000_e0001,10,15,1,0.05466846,0.05466846,4,2,True,NA
baseline_balanced_r010_t000,baseline_balanced_r010_t000_e0002,9,11,-1,-0.06149058,0.06149058,3,6,False,NA
baseline_balanced_r010_t000,baseline_balanced_r010_t000_e0003,7,11,1,0.06192566,0.06192566,3,6,True,NA
baseline_balanced_r010_t000,baseline_balanced_r010_t000_e0004,2,11,-1,-0.08491566,0.08491566,3,6,True,NA
baseline_balanced_r010_t000,baseline_balanced_r010_t000_e0005,14,11,1,0.04390979,0.04390979,1,6,True,NA
baseline_balanced_r010_t000,baseline_balanced_r010_t000_e0006,16,11,1,0.06485201,0.06485201,2,6,True,NA
baseline_balanced_r010_t000,baseline_balanced_r010_t000_e0007,4,11,-1,-0.07645481,0.07645481,2,6,False,NA
baseline_balanced_r010_t000,baseline_balanced_r010_t000_e0008,17,14,1,0.0997084,0.0997084,2,3,True,NA
baseline_balanced_r010_t000,baseline_balanced_r010_t000_e0009,11,14,-1,-0.07501901,0.07501901,2,3,True,NA
baseline_balanced_r010_t000,baseline_balanced_r010_t000_e0010,5,14,1,0.06555906,0.06555906,3,3,True,NA
baseline_balanced_r010_t000,baseline_balanced_r010_t000_e0011,18,5,1,0.0731037,0.0731037,2,1,True,NA
baseline_balanced_r010_t000,baseline_balanced_r010_t000_e0012,7,1,1,0.0355803,0.0355803,3,3,True,NA
baseline_balanced_r010_t000,baseline_balanced_r010_t000_e0013,10,1,1,0.04555071,0.04555071,4,3,True,NA
baseline_balanced_r010_t000,baseline_balanced_r010_t000_e0014,11,1,1,0.09094006,0.09094006,2,3,True,NA
baseline_balanced_r010_t000,baseline_balanced_r010_t000_e0015,15,17,1,0.08192547,0.08192547,1,1,True,NA
baseline_balanced_r010_t000,baseline_balanced_r010_t000_e0016,2,0,1,0.09833075,0.09833075,3,1,True,NA
baseline_balanced_r010_t000,baseline_balanced_r010_t000_e0017,12,7,-1,-0.04119609,0.04119609,1,4,True,NA
baseline_balanced_r010_t000,baseline_balanced_r010_t000_e0018,8,7,1,0.03690265,0.03690265,3,4,True,NA
baseline_balanced_r010_t000,baseline_balanced_r010_t000_e0019,3,7,1,0.0499312,0.0499312,2,4,True,NA
baseline_balanced_r010_t000,baseline_balanced_r010_t000_e0020,4,7,-1,-0.05286008,0.05286008,2,4,False,NA
baseline_balanced_r010_t000,baseline_balanced_r010_t000_e0021,6,9,1,0.09832432,0.09832432,1,1,False,NA
baseline_balanced_r010_t000,baseline_balanced_r010_t000_e0022,10,12,1,0.04100821,0.04100821,4,4,True,NA
baseline_balanced_r010_t000,baseline_balanced_r010_t000_e0023,2,12,1,0.06793031,0.06793031,3,4,True,NA
baseline_balanced_r010_t000,baseline_balanced_r010_t000_e0024,8,12,1,0.0698131,0.0698131,3,4,True,NA
baseline_balanced_r010_t000,baseline_balanced_r010_t000_e0025,0,12,1,0.03767331,0.03767331,2,4,True,NA
baseline_balanced_r010_t000,baseline_balanced_r010_t000_e0026,8,18,1,0.02287329,0.02287329,3,2,True,NA
baseline_balanced_r010_t000,baseline_balanced_r010_t000_e0027,16,18,-1,-0.06540401,0.06540401,2,2,True,NA
baseline_balanced_r010_t000,baseline_balanced_r010_t000_e0028,3,16,-1,-0.08685027,0.08685027,2,1,True,NA
baseline_balanced_r010_t000,baseline_balanced_r010_t000_e0029,1,3,-1,-0.03040745,0.03040745,1,1,True,NA
baseline_balanced_r010_t000,baseline_balanced_r010_t000_e0030,7,10,-1,-0.0597898,0.0597898,3,1,True,NA
baseline_balanced_r010_t000,baseline_balanced_r010_t000_e0031,18,2,-1,-0.06697989,0.06697989,2,2,True,NA
baseline_balanced_r010_t000,baseline_balanced_r010_t000_e0032,5,2,1,0.04231659,0.04231659,3,2,True,NA
baseline_balanced_r010_t000,baseline_balanced_r010_t000_e0033,10,8,1,0.07823585,0.07823585,4,1,True,NA
baseline_balanced_r010_t000,baseline_balanced_r010_t000_e0034,0,19,-1,-0.06306988,0.06306988,2,2,False,NA
baseline_balanced_r010_t000,baseline_balanced_r010_t000_e0035,9,19,-1,-0.07991931,0.07991931,3,2,False,NA
baseline_balanced_r010_t000,baseline_balanced_r010_t000_e0036,5,13,-1,-0.02521086,0.02521086,3,2,False,NA
baseline_balanced_r010_t000,baseline_balanced_r010_t000_e0037,9,13,-1,-0.09737635,0.09737635,3,2,False,NA
chen_balanced_r010_t006,chen_balanced_r010_t006_e0000,12,10,-1,-0.1436602,0.1436602,1,5,False,NA
chen_balanced_r010_t006,chen_balanced_r010_t006_e0001,2,10,1,0.16775627,0.16775627,3,5,False,NA
chen_balanced_r010_t006,chen_balanced_r010_t006_e0002,19,10,-1,-0.16903888,0.16903888,2,5,False,NA
chen_balanced_r010_t006,chen_balanced_r010_t006_e0003,18,10,1,0.10237054,0.10237054,3,5,False,NA
chen_balanced_r010_t006,chen_balanced_r010_t006_e0004,9,10,-1,-0.14647809,0.14647809,3,5,False,NA
chen_balanced_r010_t006,chen_balanced_r010_t006_e0005,11,18,1,0.1003624,0.1003624,4,4,True,NA
chen_balanced_r010_t006,chen_balanced_r010_t006_e0006,13,18,1,0.1328023,0.1328023,3,4,True,NA
chen_balanced_r010_t006,chen_balanced_r010_t006_e0007,9,18,1,0.11355259,0.11355259,3,4,True,NA
chen_balanced_r010_t006,chen_balanced_r010_t006_e0008,4,18,-1,-0.1299729,0.1299729,1,4,False,NA
chen_balanced_r010_t006,chen_balanced_r010_t006_e0009,18,7,1,0.17193362,0.17193362,3,4,True,NA
chen_balanced_r010_t006,chen_balanced_r010_t006_e0010,16,7,-1,-0.18846486,0.18846486,2,4,True,NA
chen_balanced_r010_t006,chen_balanced_r010_t006_e0011,17,7,1,0.1543736,0.1543736,2,4,True,NA
chen_balanced_r010_t006,chen_balanced_r010_t006_e0012,13,7,-1,-0.13270316,0.13270316,3,4,True,NA
chen_balanced_r010_t006,chen_balanced_r010_t006_e0013,1,3,1,0.18105754,0.18105754,3,2,True,NA
chen_balanced_r010_t006,chen_balanced_r010_t006_e0014,18,3,-1,-0.10012451,0.10012451,3,2,True,NA
chen_balanced_r010_t006,chen_balanced_r010_t006_e0015,6,0,1,0.14241136,0.14241136,1,3,False,NA
chen_balanced_r010_t006,chen_balanced_r010_t006_e0016,11,0,-1,-0.14280346,0.14280346,4,3,True,NA
chen_balanced_r010_t006,chen_balanced_r010_t006_e0017,13,0,1,0.10785543,0.10785543,3,3,True,NA
chen_balanced_r010_t006,chen_balanced_r010_t006_e0018,7,14,-1,-0.17205923,0.17205923,2,4,False,NA
chen_balanced_r010_t006,chen_balanced_r010_t006_e0019,10,14,-1,-0.15865751,0.15865751,1,4,False,NA
chen_balanced_r010_t006,chen_balanced_r010_t006_e0020,8,14,-1,-0.17351061,0.17351061,1,4,False,NA
chen_balanced_r010_t006,chen_balanced_r010_t006_e0021,2,14,-1,-0.19845202,0.19845202,3,4,False,NA
chen_balanced_r010_t006,chen_balanced_r010_t006_e0022,3,16,-1,-0.1492516,0.1492516,2,2,True,NA
chen_balanced_r010_t006,chen_balanced_r010_t006_e0023,0,16,1,0.18195118,0.18195118,1,2,True,NA
chen_balanced_r010_t006,chen_balanced_r010_t006_e0024,16,11,1,0.11285752,0.11285752,2,3,True,NA
chen_balanced_r010_t006,chen_balanced_r010_t006_e0025,3,11,1,0.18778095,0.18778095,2,3,True,NA
chen_balanced_r010_t006,chen_balanced_r010_t006_e0026,7,11,-1,-0.12225346,0.12225346,2,3,True,NA
chen_balanced_r010_t006,chen_balanced_r010_t006_e0027,17,13,1,0.19503075,0.19503075,2,2,True,NA
chen_balanced_r010_t006,chen_balanced_r010_t006_e0028,15,13,1,0.18068244,0.18068244,1,2,False,NA
chen_balanced_r010_t006,chen_balanced_r010_t006_e0029,9,2,-1,-0.18423979,0.18423979,3,1,True,NA
chen_balanced_r010_t006,chen_balanced_r010_t006_e0030,11,19,1,0.12035868,0.12035868,4,2,False,NA
chen_balanced_r010_t006,chen_balanced_r010_t006_e0031,14,19,-1,-0.16224615,0.16224615,2,2,False,NA
chen_balanced_r010_t006,chen_balanced_r010_t006_e0032,1,17,1,0.10279058,0.10279058,3,1,True,NA
chen_balanced_r010_t006,chen_balanced_r010_t006_e0033,14,8,-1,-0.15732738,0.15732738,2,2,False,NA
chen_balanced_r010_t006,chen_balanced_r010_t006_e0034,19,8,1,0.16667851,0.16667851,2,2,False,NA
chen_balanced_r010_t006,chen_balanced_r010_t006_e0035,2,1,1,0.10608499,0.10608499,3,1,True,NA
chen_balanced_r010_t006,chen_balanced_r010_t006_e0036,1,12,1,0.11824962,0.11824962,3,1,False,NA
chen_balanced_r010_t006,chen_balanced_r010_t006_e0037,11,9,-1,-0.19632104,0.19632104,4,1,True,NA
chen_balanced_r025_t000,chen_balanced_r025_t000_e0000,17,4,1,0.10169159,0.10169159,3,6,True,NA
chen_balanced_r025_t000,chen_balanced_r025_t000_e0001,14,4,-1,-0.19411019,0.19411019,8,6,True,NA
chen_balanced_r025_t000,chen_balanced_r025_t000_e0002,16,4,-1,-0.15958342,0.15958342,4,6,True,NA
chen_balanced_r025_t000,chen_balanced_r025_t000_e0003,5,4,1,0.18002822,0.18002822,3,6,True,NA
chen_balanced_r025_t000,chen_balanced_r025_t000_e0004,18,4,-1,-0.14976811,0.14976811,5,6,True,NA
chen_balanced_r025_t000,chen_balanced_r025_t000_e0005,12,4,-1,-0.1702859,0.1702859,7,6,True,NA
chen_balanced_r025_t000,chen_balanced_r025_t000_e0006,2,19,1,0.10921611,0.10921611,4,4,True,NA
chen_balanced_r025_t000,chen_balanced_r025_t000_e0007,12,19,1,0.1985405,0.1985405,7,4,True,NA
chen_balanced_r025_t000,chen_balanced_r025_t000_e0008,7,19,1,0.15311245,0.15311245,5,4,True,NA
chen_balanced_r025_t000,chen_balanced_r025_t000_e0009,14,19,-1,-0.10988938,0.10988938,8,4,True,NA
chen_balanced_r025_t000,chen_balanced_r025_t000_e0010,19,17,1,0.14050754,0.14050754,8,6,True,NA
chen_balanced_r025_t000,chen_balanced_r025_t000_e0011,13,17,-1,-0.13692072,0.13692072,7,6,True,NA
chen_balanced_r025_t000,chen_balanced_r025_t000_e0012,0,17,1,0.1384055,0.1384055,3,6,True,NA
chen_balanced_r025_t000,chen_balanced_r025_t000_e0013,4,17,1,0.17385766,0.17385766,4,6,True,NA
chen_balanced_r025_t000,chen_balanced_r025_t000_e0014,14,17,1,0.18431277,0.18431277,8,6,True,NA
chen_balanced_r025_t000,chen_balanced_r025_t000_e0015,2,17,-1,-0.18860824,0.18860824,4,6,True,NA
chen_balanced_r025_t000,chen_balanced_r025_t000_e0016,19,11,1,0.10492363,0.10492363,8,8,True,NA
chen_balanced_r025_t000,chen_balanced_r025_t000_e0017,15,11,-1,-0.19671078,0.19671078,5,8,True,NA
chen_balanced_r025_t000,chen_balanced_r025_t000_e0018,16,11,1,0.17619601,0.17619601,4,8,True,NA
chen_balanced_r025_t000,chen_balanced_r025_t000_e0019,6,11,-1,-0.10971998,0.10971998,4,8,True,NA
chen_balanced_r025_t000,chen_balanced_r025_t000_e0020,7,11,1,0.14190681,0.14190681,5,8,True,NA
chen_balanced_r025_t000,chen_balanced_r025_t000_e0021,18,11,1,0.18921685,0.18921685,5,8,True,NA
chen_balanced_r025_t000,chen_balanced_r025_t000_e0022,1,11,-1,-0.14643568,0.14643568,6,8,True,NA
chen_balanced_r025_t000,chen_balanced_r025_t000_e0023,5,11,1,0.17863297,0.17863297,3,8,True,NA
chen_balanced_r025_t000,chen_balanced_r025_t000_e0024,12,0,-1,-0.19120858,0.19120858,7,3,True,NA
chen_balanced_r025_t000,chen_balanced_r025_t000_e0025,19,0,1,0.11933764,0.11933764,8,3,True,NA
chen_balanced_r025_t000,chen_balanced_r025_t000_e0026,11,0,1,0.18987588,0.18987588,5,3,True,NA
chen_balanced_r025_t000,chen_balanced_r025_t000_e0027,6,8,1,0.10172083,0.10172083,4,5,True,NA
chen_balanced_r025_t000,chen_balanced_r025_t000_e0028,9,8,1,0.13853505,0.13853505,3,5,True,NA
chen_balanced_r025_t000,chen_balanced_r025_t000_e0029,14,8,1,0.1671356,0.1671356,8,5,True,NA
chen_balanced_r025_t000,chen_balanced_r025_t000_e0030,7,8,-1,-0.17096318,0.17096318,5,5,True,NA
chen_balanced_r025_t000,chen_balanced_r025_t000_e0031,15,8,-1,-0.16333427,0.16333427,5,5,True,NA
chen_balanced_r025_t000,chen_balanced_r025_t000_e0032,8,3,1,0.15576646,0.15576646,6,4,True,NA
chen_balanced_r025_t000,chen_balanced_r025_t000_e0033,12,3,-1,-0.13077566,0.13077566,7,4,True,NA
chen_balanced_r025_t000,chen_balanced_r025_t000_e0034,15,3,1,0.1927756,0.1927756,5,4,True,NA
chen_balanced_r025_t000,chen_balanced_r025_t000_e0035,13,3,-1,-0.14209495,0.14209495,7,4,True,NA
chen_balanced_r025_t000,chen_balanced_r025_t000_e0036,13,18,-1,-0.15676526,0.15676526,7,4,True,NA
chen_balanced_r025_t000,chen_balanced_r025_t000_e0037,11,18,-1,-0.16689698,0.16689698,5,4,True,NA
chen_balanced_r025_t000,chen_balanced_r025_t000_e0038,8,18,1,0.10599116,0.10599116,6,4,True,NA
chen_balanced_r025_t000,chen_balanced_r025_t000_e0039,17,18,1,0.18329504,0.18329504,3,4,True,NA
chen_balanced_r025_t000,chen_balanced_r025_t000_e0040,2,7,-1,-0.13130409,0.13130409,4,4,True,NA
chen_balanced_r025_t000,chen_balanced_r025_t000_e0041,13,7,-1,-0.11049777,0.11049777,7,4,True,NA
chen_balanced_r025_t000,chen_balanced_r025_t000_e0042,6,7,1,0.18516738,0.18516738,4,4,True,NA
chen_balanced_r025_t000,chen_balanced_r025_t000_e0043,1,7,-1,-0.19235726,0.19235726,6,4,True,NA
chen_balanced_r025_t000,chen_balanced_r025_t000_e0044,18,12,1,0.16873277,0.16873277,5,4,True,NA
chen_balanced_r025_t000,chen_balanced_r025_t000_e0045,11,12,1,0.19778743,0.19778743,5,4,True,NA
chen_balanced_r025_t000,chen_balanced_r025_t000_e0046,13,12,-1,-0.13660967,0.13660967,7,4,True,NA
chen_balanced_r025_t000,chen_balanced_r025_t000_e0047,4,12,-1,-0.12958235,0.12958235,4,4,True,NA
chen_balanced_r025_t000,chen_balanced_r025_t000_e0048,4,2,1,0.19247988,0.19247988,4,7,True,NA
chen_balanced_r025_t000,chen_balanced_r025_t000_e0049,10,2,1,0.18268463,0.18268463,3,7,True,NA
chen_balanced_r025_t000,chen_balanced_r025_t000_e0050,19,2,-1,-0.12292273,0.12292273,8,7,True,NA
chen_balanced_r025_t000,chen_balanced_r025_t000_e0051,18,2,1,0.11353677,0.11353677,5,7,True,NA
chen_balanced_r025_t000,chen_balanced_r025_t000_e0052,17,2,-1,-0.15691399,0.15691399,3,7,True,NA
chen_balanced_r025_t000,chen_balanced_r025_t000_e0053,0,2,-1,-0.18831496,0.18831496,3,7,True,NA
chen_balanced_r025_t000,chen_balanced_r025_t000_e0054,1,2,1,0.16961461,0.16961461,6,7,True,NA
chen_balanced_r025_t000,chen_balanced_r025_t000_e0055,7,1,1,0.12577896,0.12577896,5,5,True,NA
chen_balanced_r025_t000,chen_balanced_r025_t000_e0056,14,1,1,0.12417187,0.12417187,8,5,True,NA
chen_balanced_r025_t000,chen_balanced_r025_t000_e0057,3,1,1,0.14328195,0.14328195,2,5,True,NA
chen_balanced_r025_t000,chen_balanced_r025_t000_e0058,19,1,-1,-0.13154213,0.13154213,8,5,True,NA
chen_balanced_r025_t000,chen_balanced_r025_t000_e0059,16,1,1,0.14814987,0.14814987,4,5,True,NA
chen_balanced_r025_t000,chen_balanced_r025_t000_e0060,8,10,-1,-0.12323217,0.12323217,6,6,True,NA
chen_balanced_r025_t000,chen_balanced_r025_t000_e0061,1,10,-1,-0.1586039,0.1586039,6,6,True,NA
chen_balanced_r025_t000,chen_balanced_r025_t000_e0062,19,10,-1,-0.14333287,0.14333287,8,6,True,NA
chen_balanced_r025_t000,chen_balanced_r025_t000_e0063,6,10,-1,-0.13409947,0.13409947,4,6,True,NA
chen_balanced_r025_t000,chen_balanced_r025_t000_e0064,11,10,1,0.17909002,0.17909002,5,6,True,NA
chen_balanced_r025_t000,chen_balanced_r025_t000_e0065,13,10,1,0.18454048,0.18454048,7,6,True,NA
chen_balanced_r025_t000,chen_balanced_r025_t000_e0066,4,9,1,0.11351001,0.11351001,4,4,True,NA
chen_balanced_r025_t000,chen_balanced_r025_t000_e0067,0,9,1,0.18765578,0.18765578,3,4,True,NA
chen_balanced_r025_t000,chen_balanced_r025_t000_e0068,1,9,-1,-0.16257589,0.16257589,6,4,True,NA
chen_balanced_r025_t000,chen_balanced_r025_t000_e0069,19,9,-1,-0.17749559,0.17749559,8,4,True,NA
chen_balanced_r025_t000,chen_balanced_r025_t000_e0070,15,6,-1,-0.18400719,0.18400719,5,6,True,NA
chen_balanced_r025_t000,chen_balanced_r025_t000_e0071,16,6,1,0.12526945,0.12526945,4,6,True,NA
chen_balanced_r025_t000,chen_balanced_r025_t000_e0072,8,6,1,0.11297225,0.11297225,6,6,True,NA
chen_balanced_r025_t000,chen_balanced_r025_t000_e0073,19,6,1,0.14356802,0.14356802,8,6,True,NA
chen_balanced_r025_t000,chen_balanced_r025_t000_e0074,10,6,-1,-0.11551681,0.11551681,3,6,True,NA
chen_balanced_r025_t000,chen_balanced_r025_t000_e0075,14,6,-1,-0.10244693,0.10244693,8,6,True,NA
chen_balanced_r025_t000,chen_balanced_r025_t000_e0076,13,16,-1,-0.11988284,0.11988284,7,5,True,NA
chen_balanced_r025_t000,chen_balanced_r025_t000_e0077,15,16,-1,-0.17878682,0.17878682,5,5,True,NA
chen_balanced_r025_t000,chen_balanced_r025_t000_e0078,12,16,-1,-0.12150096,0.12150096,7,5,True,NA
chen_balanced_r025_t000,chen_balanced_r025_t000_e0079,7,16,-1,-0.13507739,0.13507739,5,5,True,NA
chen_balanced_r025_t000,chen_balanced_r025_t000_e0080,5,16,-1,-0.17510032,0.17510032,3,5,True,NA
chen_balanced_r025_t000,chen_balanced_r025_t000_e0081,14,5,-1,-0.10139876,0.10139876,8,5,True,NA
chen_balanced_r025_t000,chen_balanced_r025_t000_e0082,10,5,1,0.15381826,0.15381826,3,5,True,NA
chen_balanced_r025_t000,chen_balanced_r025_t000_e0083,11,5,-1,-0.10561745,0.10561745,5,5,True,NA
chen_balanced_r025_t000,chen_balanced_r025_t000_e0084,9,5,-1,-0.12446649,0.12446649,3,5,True,NA
chen_balanced_r025_t000,chen_balanced_r025_t000_e0085,8,5,1,0.14937414,0.14937414,6,5,True,NA
chen_balanced_r025_t000,chen_balanced_r025_t000_e0086,12,14,1,0.14544963,0.14544963,7,4,True,NA
chen_balanced_r025_t000,chen_balanced_r025_t000_e0087,9,14,-1,-0.14531188,0.14531188,3,4,True,NA
chen_balanced_r025_t000,chen_balanced_r025_t000_e0088,18,14,-1,-0.11657427,0.11657427,5,4,True,NA
chen_balanced_r025_t000,chen_balanced_r025_t000_e0089,8,14,-1,-0.11461569,0.11461569,6,4,True,NA
chen_balanced_r025_t000,chen_balanced_r025_t000_e0090,3,13,1,0.18836569,0.18836569,2,2,True,NA
chen_balanced_r025_t000,chen_balanced_r025_t000_e0091,14,13,1,0.18381453,0.18381453,8,2,True,NA
chen_balanced_r025_t000,chen_balanced_r025_t000_e0092,12,15,1,0.19091629,0.19091629,7,3,True,NA
chen_balanced_r025_t000,chen_balanced_r025_t000_e0093,1,15,-1,-0.10065947,0.10065947,6,3,True,NA
chen_balanced_r025_t000,chen_balanced_r025_t000_e0094,2,15,1,0.18793227,0.18793227,4,3,True,NA
chen_balanced_r025_t005,chen_balanced_r025_t005_e0000,0,9,1,0.1731382,0.1731382,5,2,True,NA
chen_balanced_r025_t005,chen_balanced_r025_t005_e0001,14,9,-1,-0.19506336,0.19506336,7,2,True,NA
chen_balanced_r025_t005,chen_balanced_r025_t005_e0002,15,10,1,0.10515764,0.10515764,3,6,True,NA
chen_balanced_r025_t005,chen_balanced_r025_t005_e0003,17,10,-1,-0.13206976,0.13206976,6,6,True,NA
chen_balanced_r025_t005,chen_balanced_r025_t005_e0004,11,10,-1,-0.12254829,0.12254829,5,6,True,NA
chen_balanced_r025_t005,chen_balanced_r025_t005_e0005,14,10,-1,-0.18257855,0.18257855,7,6,True,NA
chen_balanced_r025_t005,chen_balanced_r025_t005_e0006,13,10,-1,-0.1266505,0.1266505,5,6,True,NA
chen_balanced_r025_t005,chen_balanced_r025_t005_e0007,5,10,-1,-0.17402394,0.17402394,8,6,True,NA
chen_balanced_r025_t005,chen_balanced_r025_t005_e0008,13,15,1,0.19019146,0.19019146,5,6,True,NA
chen_balanced_r025_t005,chen_balanced_r025_t005_e0009,5,15,1,0.13573516,0.13573516,8,6,True,NA
chen_balanced_r025_t005,chen_balanced_r025_t005_e0010,11,15,-1,-0.17988408,0.17988408,5,6,True,NA
chen_balanced_r025_t005,chen_balanced_r025_t005_e0011,12,15,-1,-0.15533964,0.15533964,5,6,True,NA
chen_balanced_r025_t005,chen_balanced_r025_t005_e0012,3,15,-1,-0.18300267,0.18300267,4,6,True,NA
chen_balanced_r025_t005,chen_balanced_r025_t005_e0013,1,15,-1,-0.17506217,0.17506217,4,6,True,NA
chen_balanced_r025_t005,chen_balanced_r025_t005_e0014,13,18,-1,-0.12709248,0.12709248,5,2,True,NA
chen_balanced_r025_t005,chen_balanced_r025_t005_e0015,12,18,1,0.17056667,0.17056667,5,2,True,NA
chen_balanced_r025_t005,chen_balanced_r025_t005_e0016,7,17,-1,-0.16749038,0.16749038,9,3,True,NA
chen_balanced_r025_t005,chen_balanced_r025_t005_e0017,6,17,1,0.18825436,0.18825436,6,3,True,NA
chen_balanced_r025_t005,chen_balanced_r025_t005_e0018,1,17,1,0.12892511,0.12892511,4,3,True,NA
chen_balanced_r025_t005,chen_balanced_r025_t005_e0019,5,14,-1,-0.10824729,0.10824729,8,6,True,NA
chen_balanced_r025_t005,chen_balanced_r025_t005_e0020,10,14,1,0.13483925,0.13483925,3,6,True,NA
chen_balanced_r025_t005,chen_balanced_r025_t005_e0021,16,14,-1,-0.16154881,0.16154881,5,6,True,NA
chen_balanced_r025_t005,chen_balanced_r025_t005_e0022,1,14,1,0.18429307,0.18429307,4,6,True,NA
chen_balanced_r025_t005,chen_balanced_r025_t005_e0023,18,14,1,0.10536753,0.10536753,5,6,True,NA
chen_balanced_r025_t005,chen_balanced_r025_t005_e0024,13,14,1,0.18030163,0.18030163,5,6,True,NA
chen_balanced_r025_t005,chen_balanced_r025_t005_e0025,3,13,1,0.12148541,0.12148541,4,10,True,NA
chen_balanced_r025_t005,chen_balanced_r025_t005_e0026,7,13,1,0.11539442,0.11539442,9,10,True,NA
chen_balanced_r025_t005,chen_balanced_r025_t005_e0027,5,13,-1,-0.14737208,0.14737208,8,10,True,NA
chen_balanced_r025_t005,chen_balanced_r025_t005_e0028,19,13,1,0.18916355,0.18916355,3,10,True,NA
chen_balanced_r025_t005,chen_balanced_r025_t005_e0029,2,13,-1,-0.12382716,0.12382716,3,10,True,NA
chen_balanced_r025_t005,chen_balanced_r025_t005_e0030,12,13,-1,-0.14377931,0.14377931,5,10,True,NA
chen_balanced_r025_t005,chen_balanced_r025_t005_e0031,6,13,1,0.13791095,0.13791095,6,10,True,NA
chen_balanced_r025_t005,chen_balanced_r025_t005_e0032,18,13,1,0.15953283,0.15953283,5,10,True,NA
chen_balanced_r025_t005,chen_balanced_r025_t005_e0033,16,13,1,0.16296657,0.16296657,5,10,True,NA
chen_balanced_r025_t005,chen_balanced_r025_t005_e0034,14,13,1,0.19862271,0.19862271,7,10,True,NA
chen_balanced_r025_t005,chen_balanced_r025_t005_e0035,14,19,-1,-0.16683704,0.16683704,7,6,True,NA
chen_balanced_r025_t005,chen_balanced_r025_t005_e0036,0,19,1,0.13161739,0.13161739,5,6,True,NA
chen_balanced_r025_t005,chen_balanced_r025_t005_e0037,5,19,-1,-0.11783577,0.11783577,8,6,True,NA
chen_balanced_r025_t005,chen_balanced_r025_t005_e0038,4,19,1,0.11423583,0.11423583,5,6,True,NA
chen_balanced_r025_t005,chen_balanced_r025_t005_e0039,16,19,1,0.17569089,0.17569089,5,6,True,NA
chen_balanced_r025_t005,chen_balanced_r025_t005_e0040,10,19,1,0.14980119,0.14980119,3,6,True,NA
chen_balanced_r025_t005,chen_balanced_r025_t005_e0041,15,2,1,0.19383424,0.19383424,3,5,True,NA
chen_balanced_r025_t005,chen_balanced_r025_t005_e0042,11,2,-1,-0.13595013,0.13595013,5,5,True,NA
chen_balanced_r025_t005,chen_balanced_r025_t005_e0043,5,2,1,0.12016343,0.12016343,8,5,True,NA
chen_balanced_r025_t005,chen_balanced_r025_t005_e0044,18,2,1,0.14320542,0.14320542,5,5,True,NA
chen_balanced_r025_t005,chen_balanced_r025_t005_e0045,7,2,1,0.16759106,0.16759106,9,5,True,NA
chen_balanced_r025_t005,chen_balanced_r025_t005_e0046,15,12,1,0.11299545,0.11299545,3,6,True,NA
chen_balanced_r025_t005,chen_balanced_r025_t005_e0047,17,12,-1,-0.16932361,0.16932361,6,6,True,NA
chen_balanced_r025_t005,chen_balanced_r025_t005_e0048,9,12,-1,-0.11706214,0.11706214,3,6,True,NA
chen_balanced_r025_t005,chen_balanced_r025_t005_e0049,7,12,-1,-0.12820274,0.12820274,9,6,True,NA
chen_balanced_r025_t005,chen_balanced_r025_t005_e0050,2,12,-1,-0.18829126,0.18829126,3,6,True,NA
chen_balanced_r025_t005,chen_balanced_r025_t005_e0051,5,12,-1,-0.15894252,0.15894252,8,6,True,NA
chen_balanced_r025_t005,chen_balanced_r025_t005_e0052,10,4,1,0.14260528,0.14260528,3,5,True,NA
chen_balanced_r025_t005,chen_balanced_r025_t005_e0053,13,4,-1,-0.19649378,0.19649378,5,5,True,NA
chen_balanced_r025_t005,chen_balanced_r025_t005_e0054,7,4,-1,-0.19812046,0.19812046,9,5,True,NA
chen_balanced_r025_t005,chen_balanced_r025_t005_e0055,2,4,-1,-0.12028881,0.12028881,3,5,True,NA
chen_balanced_r025_t005,chen_balanced_r025_t005_e0056,12,4,1,0.10101556,0.10101556,5,5,True,NA
chen_balanced_r025_t005,chen_balanced_r025_t005_e0057,4,11,1,0.1920382,0.1920382,5,2,True,NA
chen_balanced_r025_t005,chen_balanced_r025_t005_e0058,5,11,1,0.11556979,0.11556979,8,2,True,NA
chen_balanced_r025_t005,chen_balanced_r025_t005_e0059,0,5,-1,-0.12963497,0.12963497,5,2,True,NA
chen_balanced_r025_t005,chen_balanced_r025_t005_e0060,7,5,-1,-0.14933371,0.14933371,9,2,True,NA
chen_balanced_r025_t005,chen_balanced_r025_t005_e0061,4,3,-1,-0.14449997,0.14449997,5,3,True,NA
chen_balanced_r025_t005,chen_balanced_r025_t005_e0062,6,3,1,0.11956632,0.11956632,6,3,True,NA
chen_balanced_r025_t005,chen_balanced_r025_t005_e0063,17,3,-1,-0.15175694,0.15175694,6,3,True,NA
chen_balanced_r025_t005,chen_balanced_r025_t005_e0064,12,6,1,0.19116928,0.19116928,5,5,True,NA
chen_balanced_r025_t005,chen_balanced_r025_t005_e0065,17,6,-1,-0.10734281,0.10734281,6,5,True,NA
chen_balanced_r025_t005,chen_balanced_r025_t005_e0066,0,6,1,0.19630506,0.19630506,5,5,True,NA
chen_balanced_r025_t005,chen_balanced_r025_t005_e0067,7,6,1,0.12617745,0.12617745,9,5,True,NA
chen_balanced_r025_t005,chen_balanced_r025_t005_e0068,16,6,1,0.15249498,0.15249498,5,5,True,NA
chen_balanced_r025_t005,chen_balanced_r025_t005_e0069,0,16,1,0.12066814,0.12066814,5,8,True,NA
chen_balanced_r025_t005,chen_balanced_r025_t005_e0070,3,16,1,0.17202044,0.17202044,4,8,True,NA
chen_balanced_r025_t005,chen_balanced_r025_t005_e0071,6,16,1,0.13369065,0.13369065,6,8,True,NA
chen_balanced_r025_t005,chen_balanced_r025_t005_e0072,19,16,-1,-0.18587606,0.18587606,3,8,True,NA
chen_balanced_r025_t005,chen_balanced_r025_t005_e0073,11,16,1,0.15766456,0.15766456,5,8,True,NA
chen_balanced_r025_t005,chen_balanced_r025_t005_e0074,9,16,1,0.11801093,0.11801093,3,8,True,NA
chen_balanced_r025_t005,chen_balanced_r025_t005_e0075,14,16,-1,-0.11685315,0.11685315,7,8,True,NA
chen_balanced_r025_t005,chen_balanced_r025_t005_e0076,4,16,-1,-0.11425083,0.11425083,5,8,True,NA
chen_balanced_r025_t005,chen_balanced_r025_t005_e0077,18,8,-1,-0.11813762,0.11813762,5,6,True,NA
chen_balanced_r025_t005,chen_balanced_r025_t005_e0078,7,8,1,0.1094943,0.1094943,9,6,True,NA
chen_balanced_r025_t005,chen_balanced_r025_t005_e0079,4,8,-1,-0.1277184,0.1277184,5,6,True,NA
chen_balanced_r025_t005,chen_balanced_r025_t005_e0080,1,8,-1,-0.16397569,0.16397569,4,6,True,NA
chen_balanced_r025_t005,chen_balanced_r025_t005_e0081,17,8,1,0.14157583,0.14157583,6,6,True,NA
chen_balanced_r025_t005,chen_balanced_r025_t005_e0082,16,8,-1,-0.12725672,0.12725672,5,6,True,NA
chen_balanced_r025_t005,chen_balanced_r025_t005_e0083,14,1,-1,-0.18461838,0.18461838,7,6,True,NA
chen_balanced_r025_t005,chen_balanced_r025_t005_e0084,8,1,1,0.11030148,0.11030148,1,6,True,NA
chen_balanced_r025_t005,chen_balanced_r025_t005_e0085,6,1,1,0.18451762,0.18451762,6,6,True,NA
chen_balanced_r025_t005,chen_balanced_r025_t005_e0086,11,1,-1,-0.13834259,0.13834259,5,6,True,NA
chen_balanced_r025_t005,chen_balanced_r025_t005_e0087,7,1,1,0.11694092,0.11694092,9,6,True,NA
chen_balanced_r025_t005,chen_balanced_r025_t005_e0088,17,1,1,0.10595762,0.10595762,6,6,True,NA
chen_balanced_r025_t005,chen_balanced_r025_t005_e0089,3,7,-1,-0.10680059,0.10680059,4,5,True,NA
chen_balanced_r025_t005,chen_balanced_r025_t005_e0090,18,7,-1,-0.17532471,0.17532471,5,5,True,NA
chen_balanced_r025_t005,chen_balanced_r025_t005_e0091,14,7,1,0.15063902,0.15063902,7,5,True,NA
chen_balanced_r025_t005,chen_balanced_r025_t005_e0092,6,7,-1,-0.12690087,0.12690087,6,5,True,NA
chen_balanced_r025_t005,chen_balanced_r025_t005_e0093,9,7,-1,-0.18094183,0.18094183,3,5,True,NA
chen_balanced_r025_t005,chen_balanced_r025_t005_e0094,19,0,-1,-0.14086949,0.14086949,3,1,True,NA
chen_repression_biased_r025_t001,chen_repression_biased_r025_t001_e0000,16,19,-1,-0.14739904,0.14739904,9,5,True,NA
chen_repression_biased_r025_t001,chen_repression_biased_r025_t001_e0001,12,19,-1,-0.12486247,0.12486247,8,5,True,NA
chen_repression_biased_r025_t001,chen_repression_biased_r025_t001_e0002,8,19,-1,-0.16469866,0.16469866,5,5,True,NA
chen_repression_biased_r025_t001,chen_repression_biased_r025_t001_e0003,4,19,-1,-0.10680696,0.10680696,7,5,True,NA
chen_repression_biased_r025_t001,chen_repression_biased_r025_t001_e0004,15,19,-1,-0.13567543,0.13567543,4,5,True,NA
chen_repression_biased_r025_t001,chen_repression_biased_r025_t001_e0005,11,9,-1,-0.16246945,0.16246945,3,8,True,NA
chen_repression_biased_r025_t001,chen_repression_biased_r025_t001_e0006,12,9,-1,-0.15946843,0.15946843,8,8,True,NA
chen_repression_biased_r025_t001,chen_repression_biased_r025_t001_e0007,17,9,1,0.18393684,0.18393684,5,8,True,NA
chen_repression_biased_r025_t001,chen_repression_biased_r025_t001_e0008,0,9,-1,-0.152662,0.152662,4,8,True,NA
chen_repression_biased_r025_t001,chen_repression_biased_r025_t001_e0009,5,9,1,0.17662489,0.17662489,5,8,True,NA
chen_repression_biased_r025_t001,chen_repression_biased_r025_t001_e0010,10,9,-1,-0.10717467,0.10717467,4,8,True,NA
chen_repression_biased_r025_t001,chen_repression_biased_r025_t001_e0011,1,9,1,0.17089056,0.17089056,6,8,True,NA
chen_repression_biased_r025_t001,chen_repression_biased_r025_t001_e0012,18,9,-1,-0.15413311,0.15413311,5,8,True,NA
chen_repression_biased_r025_t001,chen_repression_biased_r025_t001_e0013,6,10,1,0.13334427,0.13334427,5,6,True,NA
chen_repression_biased_r025_t001,chen_repression_biased_r025_t001_e0014,19,10,-1,-0.18766185,0.18766185,3,6,True,NA
chen_repression_biased_r025_t001,chen_repression_biased_r025_t001_e0015,13,10,1,0.10473267,0.10473267,3,6,True,NA
chen_repression_biased_r025_t001,chen_repression_biased_r025_t001_e0016,14,10,-1,-0.19813171,0.19813171,5,6,True,NA
chen_repression_biased_r025_t001,chen_repression_biased_r025_t001_e0017,12,10,1,0.13099974,0.13099974,8,6,True,NA
chen_repression_biased_r025_t001,chen_repression_biased_r025_t001_e0018,7,10,-1,-0.1771418,0.1771418,4,6,True,NA
chen_repression_biased_r025_t001,chen_repression_biased_r025_t001_e0019,1,12,1,0.17928016,0.17928016,6,6,True,NA
chen_repression_biased_r025_t001,chen_repression_biased_r025_t001_e0020,14,12,-1,-0.13076824,0.13076824,5,6,True,NA
chen_repression_biased_r025_t001,chen_repression_biased_r025_t001_e0021,16,12,-1,-0.13770038,0.13770038,9,6,True,NA
chen_repression_biased_r025_t001,chen_repression_biased_r025_t001_e0022,15,12,-1,-0.15976656,0.15976656,4,6,True,NA
chen_repression_biased_r025_t001,chen_repression_biased_r025_t001_e0023,9,12,-1,-0.13136358,0.13136358,4,6,True,NA
chen_repression_biased_r025_t001,chen_repression_biased_r025_t001_e0024,8,12,-1,-0.1258983,0.1258983,5,6,True,NA
chen_repression_biased_r025_t001,chen_repression_biased_r025_t001_e0025,4,8,-1,-0.16975578,0.16975578,7,4,True,NA
chen_repression_biased_r025_t001,chen_repression_biased_r025_t001_e0026,14,8,-1,-0.14760678,0.14760678,5,4,True,NA
chen_repression_biased_r025_t001,chen_repression_biased_r025_t001_e0027,13,8,1,0.12587883,0.12587883,3,4,True,NA
chen_repression_biased_r025_t001,chen_repression_biased_r025_t001_e0028,16,8,1,0.16800107,0.16800107,9,4,True,NA
chen_repression_biased_r025_t001,chen_repression_biased_r025_t001_e0029,2,13,-1,-0.18757121,0.18757121,5,8,True,NA
chen_repression_biased_r025_t001,chen_repression_biased_r025_t001_e0030,4,13,-1,-0.14290342,0.14290342,7,8,True,NA
chen_repression_biased_r025_t001,chen_repression_biased_r025_t001_e0031,1,13,-1,-0.15213555,0.15213555,6,8,True,NA
chen_repression_biased_r025_t001,chen_repression_biased_r025_t001_e0032,18,13,1,0.16679347,0.16679347,5,8,True,NA
chen_repression_biased_r025_t001,chen_repression_biased_r025_t001_e0033,9,13,1,0.16212577,0.16212577,4,8,True,NA
chen_repression_biased_r025_t001,chen_repression_biased_r025_t001_e0034,12,13,-1,-0.13926017,0.13926017,8,8,True,NA
chen_repression_biased_r025_t001,chen_repression_biased_r025_t001_e0035,16,13,-1,-0.18299187,0.18299187,9,8,True,NA
chen_repression_biased_r025_t001,chen_repression_biased_r025_t001_e0036,17,13,-1,-0.18771678,0.18771678,5,8,True,NA
chen_repression_biased_r025_t001,chen_repression_biased_r025_t001_e0037,6,0,-1,-0.19166656,0.19166656,5,2,True,NA
chen_repression_biased_r025_t001,chen_repression_biased_r025_t001_e0038,2,0,1,0.14232815,0.14232815,5,2,True,NA
chen_repression_biased_r025_t001,chen_repression_biased_r025_t001_e0039,16,7,-1,-0.11365289,0.11365289,9,5,True,NA
chen_repression_biased_r025_t001,chen_repression_biased_r025_t001_e0040,5,7,-1,-0.12988889,0.12988889,5,5,True,NA
chen_repression_biased_r025_t001,chen_repression_biased_r025_t001_e0041,17,7,1,0.19760328,0.19760328,5,5,True,NA
chen_repression_biased_r025_t001,chen_repression_biased_r025_t001_e0042,6,7,-1,-0.12392188,0.12392188,5,5,True,NA
chen_repression_biased_r025_t001,chen_repression_biased_r025_t001_e0043,8,7,1,0.11955975,0.11955975,5,5,True,NA
chen_repression_biased_r025_t001,chen_repression_biased_r025_t001_e0044,16,5,1,0.18780742,0.18780742,9,5,True,NA
chen_repression_biased_r025_t001,chen_repression_biased_r025_t001_e0045,1,5,-1,-0.13175871,0.13175871,6,5,True,NA
chen_repression_biased_r025_t001,chen_repression_biased_r025_t001_e0046,0,5,1,0.12647298,0.12647298,4,5,True,NA
chen_repression_biased_r025_t001,chen_repression_biased_r025_t001_e0047,17,5,-1,-0.19296054,0.19296054,5,5,True,NA
chen_repression_biased_r025_t001,chen_repression_biased_r025_t001_e0048,6,5,-1,-0.12420841,0.12420841,5,5,True,NA
chen_repression_biased_r025_t001,chen_repression_biased_r025_t001_e0049,4,1,-1,-0.19337986,0.19337986,7,3,True,NA
chen_repression_biased_r025_t001,chen_repression_biased_r025_t001_e0050,8,1,-1,-0.16672423,0.16672423,5,3,True,NA
chen_repression_biased_r025_t001,chen_repression_biased_r025_t001_e0051,10,1,-1,-0.12067567,0.12067567,4,3,True,NA
chen_repression_biased_r025_t001,chen_repression_biased_r025_t001_e0052,18,15,-1,-0.16314984,0.16314984,5,3,True,NA
chen_repression_biased_r025_t001,chen_repression_biased_r025_t001_e0053,11,15,-1,-0.1936745,0.1936745,3,3,True,NA
chen_repression_biased_r025_t001,chen_repression_biased_r025_t001_e0054,2,15,-1,-0.10349554,0.10349554,5,3,True,NA
chen_repression_biased_r025_t001,chen_repression_biased_r025_t001_e0055,9,4,-1,-0.13532708,0.13532708,4,7,True,NA
chen_repression_biased_r025_t001,chen_repression_biased_r025_t001_e0056,1,4,-1,-0.11336508,0.11336508,6,7,True,NA
chen_repression_biased_r025_t001,chen_repression_biased_r025_t001_e0057,16,4,-1,-0.1329025,0.1329025,9,7,True,NA
chen_repression_biased_r025_t001,chen_repression_biased_r025_t001_e0058,2,4,-1,-0.18690816,0.18690816,5,7,True,NA
chen_repression_biased_r025_t001,chen_repression_biased_r025_t001_e0059,5,4,1,0.18017696,0.18017696,5,7,True,NA
chen_repression_biased_r025_t001,chen_repression_biased_r025_t001_e0060,12,4,1,0.15353222,0.15353222,8,7,True,NA
chen_repression_biased_r025_t001,chen_repression_biased_r025_t001_e0061,0,4,-1,-0.12658715,0.12658715,4,7,True,NA
chen_repression_biased_r025_t001,chen_repression_biased_r025_t001_e0062,9,16,-1,-0.13420516,0.13420516,4,6,True,NA
chen_repression_biased_r025_t001,chen_repression_biased_r025_t001_e0063,12,16,1,0.13029522,0.13029522,8,6,True,NA
chen_repression_biased_r025_t001,chen_repression_biased_r025_t001_e0064,7,16,-1,-0.18353153,0.18353153,4,6,True,NA
chen_repression_biased_r025_t001,chen_repression_biased_r025_t001_e0065,10,16,-1,-0.19754523,0.19754523,4,6,True,NA
chen_repression_biased_r025_t001,chen_repression_biased_r025_t001_e0066,4,16,1,0.18200841,0.18200841,7,6,True,NA
chen_repression_biased_r025_t001,chen_repression_biased_r025_t001_e0067,15,16,-1,-0.15294778,0.15294778,4,6,True,NA
chen_repression_biased_r025_t001,chen_repression_biased_r025_t001_e0068,4,6,-1,-0.14029493,0.14029493,7,5,True,NA
chen_repression_biased_r025_t001,chen_repression_biased_r025_t001_e0069,10,6,-1,-0.1132262,0.1132262,4,5,True,NA
chen_repression_biased_r025_t001,chen_repression_biased_r025_t001_e0070,5,6,1,0.19705501,0.19705501,5,5,True,NA
chen_repression_biased_r025_t001,chen_repression_biased_r025_t001_e0071,11,6,-1,-0.16376583,0.16376583,3,5,True,NA
chen_repression_biased_r025_t001,chen_repression_biased_r025_t001_e0072,0,6,-1,-0.17259018,0.17259018,4,5,True,NA
chen_repression_biased_r025_t001,chen_repression_biased_r025_t001_e0073,12,18,-1,-0.15961999,0.15961999,8,5,True,NA
chen_repression_biased_r025_t001,chen_repression_biased_r025_t001_e0074,8,18,-1,-0.135096,0.135096,5,5,True,NA
chen_repression_biased_r025_t001,chen_repression_biased_r025_t001_e0075,17,18,-1,-0.15296996,0.15296996,5,5,True,NA
chen_repression_biased_r025_t001,chen_repression_biased_r025_t001_e0076,19,18,1,0.11932306,0.11932306,3,5,True,NA
chen_repression_biased_r025_t001,chen_repression_biased_r025_t001_e0077,14,18,-1,-0.13715853,0.13715853,5,5,True,NA
chen_repression_biased_r025_t001,chen_repression_biased_r025_t001_e0078,7,14,1,0.12844056,0.12844056,4,3,True,NA
chen_repression_biased_r025_t001,chen_repression_biased_r025_t001_e0079,13,14,1,0.17119722,0.17119722,3,3,True,NA
chen_repression_biased_r025_t001,chen_repression_biased_r025_t001_e0080,2,14,1,0.10597743,0.10597743,5,3,True,NA
chen_repression_biased_r025_t001,chen_repression_biased_r025_t001_e0081,18,3,1,0.19018407,0.19018407,5,2,True,NA
chen_repression_biased_r025_t001,chen_repression_biased_r025_t001_e0082,6,3,1,0.17134598,0.17134598,5,2,True,NA
chen_repression_biased_r025_t001,chen_repression_biased_r025_t001_e0083,3,17,-1,-0.11180147,0.11180147,1,5,True,NA
chen_repression_biased_r025_t001,chen_repression_biased_r025_t001_e0084,12,17,1,0.1605025,0.1605025,8,5,True,NA
chen_repression_biased_r025_t001,chen_repression_biased_r025_t001_e0085,15,17,-1,-0.12922957,0.12922957,4,5,True,NA
chen_repression_biased_r025_t001,chen_repression_biased_r025_t001_e0086,16,17,1,0.16739041,0.16739041,9,5,True,NA
chen_repression_biased_r025_t001,chen_repression_biased_r025_t001_e0087,5,17,-1,-0.17942948,0.17942948,5,5,True,NA
chen_repression_biased_r025_t001,chen_repression_biased_r025_t001_e0088,18,2,1,0.15202616,0.15202616,5,5,True,NA
chen_repression_biased_r025_t001,chen_repression_biased_r025_t001_e0089,16,2,-1,-0.19635262,0.19635262,9,5,True,NA
chen_repression_biased_r025_t001,chen_repression_biased_r025_t001_e0090,19,2,-1,-0.14693975,0.14693975,3,5,True,NA
chen_repression_biased_r025_t001,chen_repression_biased_r025_t001_e0091,7,2,1,0.12798071,0.12798071,4,5,True,NA
chen_repression_biased_r025_t001,chen_repression_biased_r025_t001_e0092,4,2,-1,-0.13771678,0.13771678,7,5,True,NA
chen_repression_biased_r025_t001,chen_repression_biased_r025_t001_e0093,14,11,1,0.18560947,0.18560947,5,2,True,NA
chen_repression_biased_r025_t001,chen_repression_biased_r025_t001_e0094,1,11,-1,-0.13102199,0.13102199,6,2,True,NA
chen_repression_biased_r025_t007,chen_repression_biased_r025_t007_e0000,1,11,-1,-0.15130936,0.15130936,7,4,True,NA
chen_repression_biased_r025_t007,chen_repression_biased_r025_t007_e0001,8,11,-1,-0.18036443,0.18036443,6,4,True,NA
chen_repression_biased_r025_t007,chen_repression_biased_r025_t007_e0002,12,11,1,0.16085991,0.16085991,4,4,True,NA
chen_repression_biased_r025_t007,chen_repression_biased_r025_t007_e0003,2,11,-1,-0.1862228,0.1862228,2,4,True,NA
chen_repression_biased_r025_t007,chen_repression_biased_r025_t007_e0004,7,17,-1,-0.1863979,0.1863979,5,4,True,NA
chen_repression_biased_r025_t007,chen_repression_biased_r025_t007_e0005,9,17,1,0.15135244,0.15135244,5,4,True,NA
chen_repression_biased_r025_t007,chen_repression_biased_r025_t007_e0006,16,17,-1,-0.14975327,0.14975327,3,4,True,NA
chen_repression_biased_r025_t007,chen_repression_biased_r025_t007_e0007,5,17,-1,-0.12099255,0.12099255,3,4,True,NA
chen_repression_biased_r025_t007,chen_repression_biased_r025_t007_e0008,15,14,1,0.13417441,0.13417441,7,3,True,NA
chen_repression_biased_r025_t007,chen_repression_biased_r025_t007_e0009,4,14,-1,-0.15895475,0.15895475,6,3,True,NA
chen_repression_biased_r025_t007,chen_repression_biased_r025_t007_e0010,1,14,1,0.17513493,0.17513493,7,3,True,NA
chen_repression_biased_r025_t007,chen_repression_biased_r025_t007_e0011,9,0,1,0.11181466,0.11181466,5,5,True,NA
chen_repression_biased_r025_t007,chen_repression_biased_r025_t007_e0012,15,0,-1,-0.1094146,0.1094146,7,5,True,NA
chen_repression_biased_r025_t007,chen_repression_biased_r025_t007_e0013,2,0,1,0.11318823,0.11318823,2,5,True,NA
chen_repression_biased_r025_t007,chen_repression_biased_r025_t007_e0014,3,0,1,0.16367365,0.16367365,4,5,True,NA
chen_repression_biased_r025_t007,chen_repression_biased_r025_t007_e0015,10,0,1,0.19925085,0.19925085,7,5,True,NA
chen_repression_biased_r025_t007,chen_repression_biased_r025_t007_e0016,15,5,-1,-0.18188703,0.18188703,7,4,True,NA
chen_repression_biased_r025_t007,chen_repression_biased_r025_t007_e0017,19,5,1,0.17814746,0.17814746,4,4,True,NA
chen_repression_biased_r025_t007,chen_repression_biased_r025_t007_e0018,18,5,-1,-0.12382393,0.12382393,5,4,True,NA
chen_repression_biased_r025_t007,chen_repression_biased_r025_t007_e0019,1,5,-1,-0.18740667,0.18740667,7,4,True,NA
chen_repression_biased_r025_t007,chen_repression_biased_r025_t007_e0020,13,19,1,0.16243672,0.16243672,6,3,True,NA
chen_repression_biased_r025_t007,chen_repression_biased_r025_t007_e0021,14,19,1,0.1043563,0.1043563,2,3,True,NA
chen_repression_biased_r025_t007,chen_repression_biased_r025_t007_e0022,4,19,-1,-0.16009084,0.16009084,6,3,True,NA
chen_repression_biased_r025_t007,chen_repression_biased_r025_t007_e0023,3,13,-1,-0.11379544,0.11379544,4,3,True,NA
chen_repression_biased_r025_t007,chen_repression_biased_r025_t007_e0024,10,13,-1,-0.19750113,0.19750113,7,3,True,NA
chen_repression_biased_r025_t007,chen_repression_biased_r025_t007_e0025,9,13,1,0.11397315,0.11397315,5,3,True,NA
chen_repression_biased_r025_t007,chen_repression_biased_r025_t007_e0026,15,10,-1,-0.11113462,0.11113462,7,8,True,NA
chen_repression_biased_r025_t007,chen_repression_biased_r025_t007_e0027,11,10,-1,-0.17887331,0.17887331,5,8,True,NA
chen_repression_biased_r025_t007,chen_repression_biased_r025_t007_e0028,17,10,-1,-0.11091199,0.11091199,6,8,True,NA
chen_repression_biased_r025_t007,chen_repression_biased_r025_t007_e0029,6,10,1,0.11651289,0.11651289,3,8,True,NA
chen_repression_biased_r025_t007,chen_repression_biased_r025_t007_e0030,3,10,-1,-0.1605133,0.1605133,4,8,True,NA
chen_repression_biased_r025_t007,chen_repression_biased_r025_t007_e0031,12,10,-1,-0.14383508,0.14383508,4,8,True,NA
chen_repression_biased_r025_t007,chen_repression_biased_r025_t007_e0032,18,10,-1,-0.15548369,0.15548369,5,8,True,NA
chen_repression_biased_r025_t007,chen_repression_biased_r025_t007_e0033,8,10,1,0.15986339,0.15986339,6,8,True,NA
chen_repression_biased_r025_t007,chen_repression_biased_r025_t007_e0034,7,16,-1,-0.18566476,0.18566476,5,7,True,NA
chen_repression_biased_r025_t007,chen_repression_biased_r025_t007_e0035,4,16,-1,-0.11516111,0.11516111,6,7,True,NA
chen_repression_biased_r025_t007,chen_repression_biased_r025_t007_e0036,10,16,1,0.15403584,0.15403584,7,7,True,NA
chen_repression_biased_r025_t007,chen_repression_biased_r025_t007_e0037,5,16,-1,-0.17677402,0.17677402,3,7,True,NA
chen_repression_biased_r025_t007,chen_repression_biased_r025_t007_e0038,8,16,-1,-0.10855704,0.10855704,6,7,True,NA
chen_repression_biased_r025_t007,chen_repression_biased_r025_t007_e0039,12,16,-1,-0.11791704,0.11791704,4,7,True,NA
chen_repression_biased_r025_t007,chen_repression_biased_r025_t007_e0040,9,16,-1,-0.10795254,0.10795254,5,7,True,NA
chen_repression_biased_r025_t007,chen_repression_biased_r025_t007_e0041,6,18,-1,-0.17077166,0.17077166,3,3,True,NA
chen_repression_biased_r025_t007,chen_repression_biased_r025_t007_e0042,11,18,-1,-0.16516854,0.16516854,5,3,True,NA
chen_repression_biased_r025_t007,chen_repression_biased_r025_t007_e0043,13,18,1,0.13303534,0.13303534,6,3,True,NA
chen_repression_biased_r025_t007,chen_repression_biased_r025_t007_e0044,1,12,-1,-0.16650473,0.16650473,7,7,True,NA
chen_repression_biased_r025_t007,chen_repression_biased_r025_t007_e0045,18,12,-1,-0.12327194,0.12327194,5,7,True,NA
chen_repression_biased_r025_t007,chen_repression_biased_r025_t007_e0046,4,12,-1,-0.17187502,0.17187502,6,7,True,NA
chen_repression_biased_r025_t007,chen_repression_biased_r025_t007_e0047,13,12,-1,-0.1484444,0.1484444,6,7,True,NA
chen_repression_biased_r025_t007,chen_repression_biased_r025_t007_e0048,19,12,-1,-0.19372135,0.19372135,4,7,True,NA
chen_repression_biased_r025_t007,chen_repression_biased_r025_t007_e0049,17,12,-1,-0.18301035,0.18301035,6,7,True,NA
chen_repression_biased_r025_t007,chen_repression_biased_r025_t007_e0050,3,12,-1,-0.19919194,0.19919194,4,7,True,NA
chen_repression_biased_r025_t007,chen_repression_biased_r025_t007_e0051,4,3,-1,-0.18449789,0.18449789,6,7,True,NA
chen_repression_biased_r025_t007,chen_repression_biased_r025_t007_e0052,9,3,-1,-0.16784792,0.16784792,5,7,True,NA
chen_repression_biased_r025_t007,chen_repression_biased_r025_t007_e0053,14,3,1,0.12494278,0.12494278,2,7,True,NA
chen_repression_biased_r025_t007,chen_repression_biased_r025_t007_e0054,0,3,-1,-0.16736919,0.16736919,5,7,True,NA
chen_repression_biased_r025_t007,chen_repression_biased_r025_t007_e0055,19,3,-1,-0.17093745,0.17093745,4,7,True,NA
chen_repression_biased_r025_t007,chen_repression_biased_r025_t007_e0056,18,3,1,0.17075486,0.17075486,5,7,True,NA
chen_repression_biased_r025_t007,chen_repression_biased_r025_t007_e0057,1,3,1,0.17542615,0.17542615,7,7,True,NA
chen_repression_biased_r025_t007,chen_repression_biased_r025_t007_e0058,8,6,1,0.12555803,0.12555803,6,4,True,NA
chen_repression_biased_r025_t007,chen_repression_biased_r025_t007_e0059,10,6,-1,-0.11301207,0.11301207,7,4,True,NA
chen_repression_biased_r025_t007,chen_repression_biased_r025_t007_e0060,16,6,1,0.16615184,0.16615184,3,4,True,NA
chen_repression_biased_r025_t007,chen_repression_biased_r025_t007_e0061,17,6,-1,-0.1579256,0.1579256,6,4,True,NA
chen_repression_biased_r025_t007,chen_repression_biased_r025_t007_e0062,0,15,-1,-0.10954863,0.10954863,5,4,True,NA
chen_repression_biased_r025_t007,chen_repression_biased_r025_t007_e0063,4,15,-1,-0.1661135,0.1661135,6,4,True,NA
chen_repression_biased_r025_t007,chen_repression_biased_r025_t007_e0064,11,15,-1,-0.19994948,0.19994948,5,4,True,NA
chen_repression_biased_r025_t007,chen_repression_biased_r025_t007_e0065,16,15,-1,-0.10532887,0.10532887,3,4,True,NA
chen_repression_biased_r025_t007,chen_repression_biased_r025_t007_e0066,11,9,-1,-0.17750486,0.17750486,5,5,True,NA
chen_repression_biased_r025_t007,chen_repression_biased_r025_t007_e0067,7,9,-1,-0.14386923,0.14386923,5,5,True,NA
chen_repression_biased_r025_t007,chen_repression_biased_r025_t007_e0068,6,9,-1,-0.16595929,0.16595929,3,5,True,NA
chen_repression_biased_r025_t007,chen_repression_biased_r025_t007_e0069,17,9,1,0.15599845,0.15599845,6,5,True,NA
chen_repression_biased_r025_t007,chen_repression_biased_r025_t007_e0070,8,9,-1,-0.16481159,0.16481159,6,5,True,NA
chen_repression_biased_r025_t007,chen_repression_biased_r025_t007_e0071,13,1,-1,-0.19960607,0.19960607,6,4,True,NA
chen_repression_biased_r025_t007,chen_repression_biased_r025_t007_e0072,10,1,1,0.15098104,0.15098104,7,4,True,NA
chen_repression_biased_r025_t007,chen_repression_biased_r025_t007_e0073,19,1,1,0.10584911,0.10584911,4,4,True,NA
chen_repression_biased_r025_t007,chen_repression_biased_r025_t007_e0074,7,1,-1,-0.11067615,0.11067615,5,4,True,NA
chen_repression_biased_r025_t007,chen_repression_biased_r025_t007_e0075,15,8,-1,-0.10422983,0.10422983,7,6,True,NA
chen_repression_biased_r025_t007,chen_repression_biased_r025_t007_e0076,11,8,-1,-0.16014495,0.16014495,5,6,True,NA
chen_repression_biased_r025_t007,chen_repression_biased_r025_t007_e0077,17,8,1,0.15466939,0.15466939,6,6,True,NA
chen_repression_biased_r025_t007,chen_repression_biased_r025_t007_e0078,18,8,-1,-0.14495953,0.14495953,5,6,True,NA
chen_repression_biased_r025_t007,chen_repression_biased_r025_t007_e0079,1,8,-1,-0.14068106,0.14068106,7,6,True,NA
chen_repression_biased_r025_t007,chen_repression_biased_r025_t007_e0080,0,8,-1,-0.15788149,0.15788149,5,6,True,NA
chen_repression_biased_r025_t007,chen_repression_biased_r025_t007_e0081,13,7,-1,-0.15881583,0.15881583,6,5,True,NA
chen_repression_biased_r025_t007,chen_repression_biased_r025_t007_e0082,10,7,-1,-0.1895834,0.1895834,7,5,True,NA
chen_repression_biased_r025_t007,chen_repression_biased_r025_t007_e0083,0,7,1,0.10149563,0.10149563,5,5,True,NA
chen_repression_biased_r025_t007,chen_repression_biased_r025_t007_e0084,15,7,-1,-0.18404768,0.18404768,7,5,True,NA
chen_repression_biased_r025_t007,chen_repression_biased_r025_t007_e0085,17,7,-1,-0.15064265,0.15064265,6,5,True,NA
chen_repression_biased_r025_t007,chen_repression_biased_r025_t007_e0086,8,2,1,0.15371384,0.15371384,6,3,True,NA
chen_repression_biased_r025_t007,chen_repression_biased_r025_t007_e0087,12,2,-1,-0.18377444,0.18377444,4,3,True,NA
chen_repression_biased_r025_t007,chen_repression_biased_r025_t007_e0088,10,2,1,0.17180866,0.17180866,7,3,True,NA
chen_repression_biased_r025_t007,chen_repression_biased_r025_t007_e0089,15,4,1,0.13937635,0.13937635,7,6,True,NA
chen_repression_biased_r025_t007,chen_repression_biased_r025_t007_e0090,0,4,1,0.14274011,0.14274011,5,6,True,NA
chen_repression_biased_r025_t007,chen_repression_biased_r025_t007_e0091,1,4,1,0.12814748,0.12814748,7,6,True,NA
chen_repression_biased_r025_t007,chen_repression_biased_r025_t007_e0092,7,4,-1,-0.17664038,0.17664038,5,6,True,NA
chen_repression_biased_r025_t007,chen_repression_biased_r025_t007_e0093,5,4,1,0.14569595,0.14569595,3,6,True,NA
chen_repression_biased_r025_t007,chen_repression_biased_r025_t007_e0094,13,4,-1,-0.19911648,0.19911648,6,6,True,NA
stress_balanced_r010_t001,stress_balanced_r010_t001_e0000,3,7,-1,-0.22207097,0.22207097,3,3,True,NA
stress_balanced_r010_t001,stress_balanced_r010_t001_e0001,1,7,1,0.39539898,0.39539898,3,3,True,NA
stress_balanced_r010_t001,stress_balanced_r010_t001_e0002,9,7,1,0.29689429,0.29689429,2,3,True,NA
stress_balanced_r010_t001,stress_balanced_r010_t001_e0003,19,8,1,0.24150753,0.24150753,1,4,False,NA
stress_balanced_r010_t001,stress_balanced_r010_t001_e0004,11,8,1,0.26329047,0.26329047,3,4,False,NA
stress_balanced_r010_t001,stress_balanced_r010_t001_e0005,18,8,-1,-0.26773876,0.26773876,2,4,True,NA
stress_balanced_r010_t001,stress_balanced_r010_t001_e0006,6,8,-1,-0.39965561,0.39965561,2,4,True,NA
stress_balanced_r010_t001,stress_balanced_r010_t001_e0007,17,2,-1,-0.38193888,0.38193888,3,3,True,NA
stress_balanced_r010_t001,stress_balanced_r010_t001_e0008,14,2,1,0.36717695,0.36717695,5,3,True,NA
stress_balanced_r010_t001,stress_balanced_r010_t001_e0009,9,2,1,0.21477766,0.21477766,2,3,True,NA
stress_balanced_r010_t001,stress_balanced_r010_t001_e0010,6,1,-1,-0.22711048,0.22711048,2,4,True,NA
stress_balanced_r010_t001,stress_balanced_r010_t001_e0011,11,1,-1,-0.21690028,0.21690028,3,4,False,NA
stress_balanced_r010_t001,stress_balanced_r010_t001_e0012,14,1,-1,-0.29244076,0.29244076,5,4,True,NA
stress_balanced_r010_t001,stress_balanced_r010_t001_e0013,2,1,-1,-0.36563104,0.36563104,4,4,True,NA
stress_balanced_r010_t001,stress_balanced_r010_t001_e0014,2,3,1,0.32623376,0.32623376,4,1,True,NA
stress_balanced_r010_t001,stress_balanced_r010_t001_e0015,14,15,1,0.31152901,0.31152901,5,2,True,NA
stress_balanced_r010_t001,stress_balanced_r010_t001_e0016,11,15,1,0.36564161,0.36564161,3,2,False,NA
stress_balanced_r010_t001,stress_balanced_r010_t001_e0017,12,17,1,0.26441049,0.26441049,2,2,False,NA
stress_balanced_r010_t001,stress_balanced_r010_t001_e0018,18,17,-1,-0.32095758,0.32095758,2,2,True,NA
stress_balanced_r010_t001,stress_balanced_r010_t001_e0019,7,18,-1,-0.30456436,0.30456436,1,4,True,NA
stress_balanced_r010_t001,stress_balanced_r010_t001_e0020,3,18,1,0.32480702,0.32480702,3,4,True,NA
stress_balanced_r010_t001,stress_balanced_r010_t001_e0021,8,18,-1,-0.33410656,0.33410656,2,4,True,NA
stress_balanced_r010_t001,stress_balanced_r010_t001_e0022,2,18,1,0.32246445,0.32246445,4,4,True,NA
stress_balanced_r010_t001,stress_balanced_r010_t001_e0023,3,9,1,0.20572685,0.20572685,3,2,True,NA
stress_balanced_r010_t001,stress_balanced_r010_t001_e0024,1,9,1,0.23896391,0.23896391,3,2,True,NA
stress_balanced_r010_t001,stress_balanced_r010_t001_e0025,14,0,-1,-0.28121514,0.28121514,5,2,True,NA
stress_balanced_r010_t001,stress_balanced_r010_t001_e0026,10,0,-1,-0.34038971,0.34038971,1,2,False,NA
stress_balanced_r010_t001,stress_balanced_r010_t001_e0027,8,4,-1,-0.33691737,0.33691737,2,3,False,NA
stress_balanced_r010_t001,stress_balanced_r010_t001_e0028,12,4,-1,-0.20083475,0.20083475,2,3,False,NA
stress_balanced_r010_t001,stress_balanced_r010_t001_e0029,17,4,1,0.33859639,0.33859639,3,3,False,NA
stress_balanced_r010_t001,stress_balanced_r010_t001_e0030,1,13,-1,-0.2483861,0.2483861,3,3,False,NA
stress_balanced_r010_t001,stress_balanced_r010_t001_e0031,14,13,1,0.24490732,0.24490732,5,3,False,NA
stress_balanced_r010_t001,stress_balanced_r010_t001_e0032,17,13,1,0.28209898,0.28209898,3,3,False,NA
stress_balanced_r010_t001,stress_balanced_r010_t001_e0033,15,6,-1,-0.23028058,0.23028058,1,2,True,NA
stress_balanced_r010_t001,stress_balanced_r010_t001_e0034,0,6,-1,-0.27393082,0.27393082,1,2,True,NA
stress_balanced_r010_t001,stress_balanced_r010_t001_e0035,2,14,-1,-0.26195797,0.26195797,4,1,True,NA
stress_balanced_r010_t001,stress_balanced_r010_t001_e0036,5,11,-1,-0.2428764,0.2428764,1,2,False,NA
stress_balanced_r010_t001,stress_balanced_r010_t001_e0037,16,11,1,0.29298018,0.29298018,1,2,False,NA
stress_balanced_r010_t003,stress_balanced_r010_t003_e0000,2,6,1,0.31966555,0.31966555,2,4,True,NA
stress_balanced_r010_t003,stress_balanced_r010_t003_e0001,14,6,1,0.25385947,0.25385947,2,4,True,NA
stress_balanced_r010_t003,stress_balanced_r010_t003_e0002,13,6,-1,-0.26412495,0.26412495,2,4,True,NA
stress_balanced_r010_t003,stress_balanced_r010_t003_e0003,11,6,1,0.2032647,0.2032647,2,4,True,NA
stress_balanced_r010_t003,stress_balanced_r010_t003_e0004,18,1,-1,-0.30945394,0.30945394,3,2,True,NA
stress_balanced_r010_t003,stress_balanced_r010_t003_e0005,12,1,-1,-0.27504692,0.27504692,4,2,True,NA
stress_balanced_r010_t003,stress_balanced_r010_t003_e0006,2,17,1,0.31326,0.31326,2,3,True,NA
stress_balanced_r010_t003,stress_balanced_r010_t003_e0007,18,17,1,0.35805857,0.35805857,3,3,True,NA
stress_balanced_r010_t003,stress_balanced_r010_t003_e0008,12,17,1,0.39222178,0.39222178,4,3,True,NA
stress_balanced_r010_t003,stress_balanced_r010_t003_e0009,17,7,-1,-0.30925434,0.30925434,1,4,True,NA
stress_balanced_r010_t003,stress_balanced_r010_t003_e0010,19,7,-1,-0.26141148,0.26141148,3,4,True,NA
stress_balanced_r010_t003,stress_balanced_r010_t003_e0011,0,7,-1,-0.34167669,0.34167669,2,4,True,NA
stress_balanced_r010_t003,stress_balanced_r010_t003_e0012,3,7,-1,-0.30790941,0.30790941,3,4,True,NA
stress_balanced_r010_t003,stress_balanced_r010_t003_e0013,3,8,1,0.31079535,0.31079535,3,3,True,NA
stress_balanced_r010_t003,stress_balanced_r010_t003_e0014,9,8,1,0.25707333,0.25707333,3,3,True,NA
stress_balanced_r010_t003,stress_balanced_r010_t003_e0015,16,8,-1,-0.20404018,0.20404018,2,3,True,NA
stress_balanced_r010_t003,stress_balanced_r010_t003_e0016,18,13,-1,-0.36439373,0.36439373,3,1,True,NA
stress_balanced_r010_t003,stress_balanced_r010_t003_e0017,13,19,-1,-0.24870846,0.24870846,2,2,True,NA
stress_balanced_r010_t003,stress_balanced_r010_t003_e0018,12,19,-1,-0.2295275,0.2295275,4,2,True,NA
stress_balanced_r010_t003,stress_balanced_r010_t003_e0019,5,11,-1,-0.30544698,0.30544698,1,3,False,NA
stress_balanced_r010_t003,stress_balanced_r010_t003_e0020,0,11,1,0.34719509,0.34719509,2,3,True,NA
stress_balanced_r010_t003,stress_balanced_r010_t003_e0021,7,11,1,0.38758321,0.38758321,1,3,True,NA
stress_balanced_r010_t003,stress_balanced_r010_t003_e0022,4,3,-1,-0.27231192,0.27231192,1,2,False,NA
stress_balanced_r010_t003,stress_balanced_r010_t003_e0023,1,3,-1,-0.23417414,0.23417414,2,2,True,NA
stress_balanced_r010_t003,stress_balanced_r010_t003_e0024,14,12,1,0.20600916,0.20600916,2,4,True,NA
stress_balanced_r010_t003,stress_balanced_r010_t003_e0025,8,12,1,0.29443317,0.29443317,1,4,True,NA
stress_balanced_r010_t003,stress_balanced_r010_t003_e0026,15,12,-1,-0.39381194,0.39381194,2,4,False,NA
stress_balanced_r010_t003,stress_balanced_r010_t003_e0027,9,12,-1,-0.29049248,0.29049248,3,4,True,NA
stress_balanced_r010_t003,stress_balanced_r010_t003_e0028,1,14,-1,-0.24192458,0.24192458,2,2,True,NA
stress_balanced_r010_t003,stress_balanced_r010_t003_e0029,19,14,1,0.36604431,0.36604431,3,2,True,NA
stress_balanced_r010_t003,stress_balanced_r010_t003_e0030,15,9,1,0.27842353,0.27842353,2,3,False,NA
stress_balanced_r010_t003,stress_balanced_r010_t003_e0031,3,9,1,0.34206829,0.34206829,3,3,True,NA
stress_balanced_r010_t003,stress_balanced_r010_t003_e0032,11,9,-1,-0.20053643,0.20053643,2,3,True,NA
stress_balanced_r010_t003,stress_balanced_r010_t003_e0033,16,18,-1,-0.27975697,0.27975697,2,1,True,NA
stress_balanced_r010_t003,stress_balanced_r010_t003_e0034,6,16,1,0.32235973,0.32235973,1,1,True,NA
stress_balanced_r010_t003,stress_balanced_r010_t003_e0035,12,10,1,0.35867171,0.35867171,4,1,False,NA
stress_balanced_r010_t003,stress_balanced_r010_t003_e0036,19,0,1,0.35358344,0.35358344,3,1,True,NA
stress_balanced_r010_t003,stress_balanced_r010_t003_e0037,9,2,1,0.23187106,0.23187106,3,1,True,NA
stress_balanced_r010_t005,stress_balanced_r010_t005_e0000,0,10,-1,-0.36310615,0.36310615,2,3,True,NA
stress_balanced_r010_t005,stress_balanced_r010_t005_e0001,12,10,1,0.22914537,0.22914537,5,3,True,NA
stress_balanced_r010_t005,stress_balanced_r010_t005_e0002,6,10,1,0.38057897,0.38057897,2,3,True,NA
stress_balanced_r010_t005,stress_balanced_r010_t005_e0003,10,9,-1,-0.21370559,0.21370559,6,2,False,NA
stress_balanced_r010_t005,stress_balanced_r010_t005_e0004,17,9,1,0.36484025,0.36484025,1,2,False,NA
stress_balanced_r010_t005,stress_balanced_r010_t005_e0005,16,3,-1,-0.30058886,0.30058886,1,5,True,NA
stress_balanced_r010_t005,stress_balanced_r010_t005_e0006,4,3,1,0.23649291,0.23649291,1,5,True,NA
stress_balanced_r010_t005,stress_balanced_r010_t005_e0007,13,3,-1,-0.27963688,0.27963688,2,5,True,NA
stress_balanced_r010_t005,stress_balanced_r010_t005_e0008,12,3,-1,-0.27227597,0.27227597,5,5,True,NA
stress_balanced_r010_t005,stress_balanced_r010_t005_e0009,15,3,-1,-0.27521714,0.27521714,3,5,True,NA
stress_balanced_r010_t005,stress_balanced_r010_t005_e0010,19,16,1,0.29245065,0.29245065,5,1,True,NA
stress_balanced_r010_t005,stress_balanced_r010_t005_e0011,10,19,-1,-0.39665724,0.39665724,6,5,True,NA
stress_balanced_r010_t005,stress_balanced_r010_t005_e0012,3,19,1,0.31042153,0.31042153,1,5,True,NA
stress_balanced_r010_t005,stress_balanced_r010_t005_e0013,7,19,1,0.28049414,0.28049414,2,5,True,NA
stress_balanced_r010_t005,stress_balanced_r010_t005_e0014,8,19,-1,-0.28606705,0.28606705,2,5,True,NA
stress_balanced_r010_t005,stress_balanced_r010_t005_e0015,1,19,1,0.32108951,0.32108951,2,5,False,NA
stress_balanced_r010_t005,stress_balanced_r010_t005_e0016,18,7,-1,-0.3241531,0.3241531,1,2,True,NA
stress_balanced_r010_t005,stress_balanced_r010_t005_e0017,15,7,-1,-0.2469367,0.2469367,3,2,True,NA
stress_balanced_r010_t005,stress_balanced_r010_t005_e0018,12,14,-1,-0.33297985,0.33297985,5,1,True,NA
stress_balanced_r010_t005,stress_balanced_r010_t005_e0019,19,2,-1,-0.32171175,0.32171175,5,1,True,NA
stress_balanced_r010_t005,stress_balanced_r010_t005_e0020,15,12,1,0.20848795,0.20848795,3,4,True,NA
stress_balanced_r010_t005,stress_balanced_r010_t005_e0021,10,12,-1,-0.2034133,0.2034133,6,4,True,NA
stress_balanced_r010_t005,stress_balanced_r010_t005_e0022,14,12,1,0.20448343,0.20448343,1,4,True,NA
stress_balanced_r010_t005,stress_balanced_r010_t005_e0023,7,12,-1,-0.3322138,0.3322138,2,4,True,NA
stress_balanced_r010_t005,stress_balanced_r010_t005_e0024,8,0,-1,-0.30972276,0.30972276,2,2,True,NA
stress_balanced_r010_t005,stress_balanced_r010_t005_e0025,19,0,1,0.32586394,0.32586394,5,2,True,NA
stress_balanced_r010_t005,stress_balanced_r010_t005_e0026,19,11,1,0.27141449,0.27141449,5,1,False,NA
stress_balanced_r010_t005,stress_balanced_r010_t005_e0027,13,6,1,0.22246626,0.22246626,2,3,True,NA
stress_balanced_r010_t005,stress_balanced_r010_t005_e0028,10,6,1,0.34214256,0.34214256,6,3,True,NA
stress_balanced_r010_t005,stress_balanced_r010_t005_e0029,1,6,-1,-0.30281802,0.30281802,2,3,False,NA
stress_balanced_r010_t005,stress_balanced_r010_t005_e0030,10,15,1,0.22158651,0.22158651,6,2,True,NA
stress_balanced_r010_t005,stress_balanced_r010_t005_e0031,2,15,1,0.38687475,0.38687475,1,2,True,NA
stress_balanced_r010_t005,stress_balanced_r010_t005_e0032,12,18,1,0.338651,0.338651,5,2,True,NA
stress_balanced_r010_t005,stress_balanced_r010_t005_e0033,6,18,-1,-0.34641504,0.34641504,2,2,True,NA
stress_balanced_r010_t005,stress_balanced_r010_t005_e0034,12,4,-1,-0.29854061,0.29854061,5,2,True,NA
stress_balanced_r010_t005,stress_balanced_r010_t005_e0035,0,4,1,0.2294019,0.2294019,2,2,True,NA
stress_balanced_r010_t005,stress_balanced_r010_t005_e0036,10,8,1,0.26798908,0.26798908,6,1,True,NA
stress_balanced_r010_t005,stress_balanced_r010_t005_e0037,19,13,-1,-0.20458951,0.20458951,5,1,True,NA
stress_balanced_r010_t007,stress_balanced_r010_t007_e0000,13,15,1,0.24982546,0.24982546,4,4,False,NA
stress_balanced_r010_t007,stress_balanced_r010_t007_e0001,1,15,1,0.30962903,0.30962903,1,4,False,NA
stress_balanced_r010_t007,stress_balanced_r010_t007_e0002,7,15,-1,-0.24838047,0.24838047,1,4,False,NA
stress_balanced_r010_t007,stress_balanced_r010_t007_e0003,17,15,-1,-0.23546056,0.23546056,3,4,False,NA
stress_balanced_r010_t007,stress_balanced_r010_t007_e0004,19,14,-1,-0.31375709,0.31375709,5,1,True,NA
stress_balanced_r010_t007,stress_balanced_r010_t007_e0005,4,17,-1,-0.32607459,0.32607459,6,2,True,NA
stress_balanced_r010_t007,stress_balanced_r010_t007_e0006,18,17,1,0.25411559,0.25411559,3,2,True,NA
stress_balanced_r010_t007,stress_balanced_r010_t007_e0007,19,7,1,0.39772482,0.39772482,5,2,False,NA
stress_balanced_r010_t007,stress_balanced_r010_t007_e0008,14,7,1,0.35888143,0.35888143,3,2,False,NA
stress_balanced_r010_t007,stress_balanced_r010_t007_e0009,12,19,1,0.39071802,0.39071802,3,3,True,NA
stress_balanced_r010_t007,stress_balanced_r010_t007_e0010,14,19,-1,-0.31752085,0.31752085,3,3,True,NA
stress_balanced_r010_t007,stress_balanced_r010_t007_e0011,16,19,-1,-0.25338048,0.25338048,1,3,False,NA
stress_balanced_r010_t007,stress_balanced_r010_t007_e0012,4,9,1,0.22227115,0.22227115,6,3,True,NA
stress_balanced_r010_t007,stress_balanced_r010_t007_e0013,17,9,-1,-0.3246024,0.3246024,3,3,True,NA
stress_balanced_r010_t007,stress_balanced_r010_t007_e0014,3,9,-1,-0.27137202,0.27137202,2,3,False,NA
stress_balanced_r010_t007,stress_balanced_r010_t007_e0015,13,8,-1,-0.22857191,0.22857191,4,1,False,NA
stress_balanced_r010_t007,stress_balanced_r010_t007_e0016,14,10,-1,-0.22696513,0.22696513,3,3,False,NA
stress_balanced_r010_t007,stress_balanced_r010_t007_e0017,13,10,1,0.39518998,0.39518998,4,3,False,NA
stress_balanced_r010_t007,stress_balanced_r010_t007_e0018,19,10,-1,-0.24063747,0.24063747,5,3,False,NA
stress_balanced_r010_t007,stress_balanced_r010_t007_e0019,13,11,1,0.35520822,0.35520822,4,3,False,NA
stress_balanced_r010_t007,stress_balanced_r010_t007_e0020,19,11,1,0.38560186,0.38560186,5,3,False,NA
stress_balanced_r010_t007,stress_balanced_r010_t007_e0021,12,11,-1,-0.35214065,0.35214065,3,3,False,NA
stress_balanced_r010_t007,stress_balanced_r010_t007_e0022,3,6,1,0.28375197,0.28375197,2,1,False,NA
stress_balanced_r010_t007,stress_balanced_r010_t007_e0023,19,4,-1,-0.3584212,0.3584212,5,3,True,NA
stress_balanced_r010_t007,stress_balanced_r010_t007_e0024,17,4,1,0.33288061,0.33288061,3,3,True,NA
stress_balanced_r010_t007,stress_balanced_r010_t007_e0025,0,4,-1,-0.3221917,0.3221917,1,3,True,NA
stress_balanced_r010_t007,stress_balanced_r010_t007_e0026,4,0,-1,-0.34752339,0.34752339,6,2,True,NA
stress_balanced_r010_t007,stress_balanced_r010_t007_e0027,18,0,-1,-0.3359547,0.3359547,3,2,True,NA
stress_balanced_r010_t007,stress_balanced_r010_t007_e0028,4,12,1,0.29769412,0.29769412,6,2,True,NA
stress_balanced_r010_t007,stress_balanced_r010_t007_e0029,9,12,1,0.33706397,0.33706397,1,2,True,NA
stress_balanced_r010_t007,stress_balanced_r010_t007_e0030,11,13,-1,-0.34042336,0.34042336,2,4,False,NA
stress_balanced_r010_t007,stress_balanced_r010_t007_e0031,18,13,1,0.33638911,0.33638911,3,4,False,NA
stress_balanced_r010_t007,stress_balanced_r010_t007_e0032,8,13,1,0.23333392,0.23333392,1,4,False,NA
stress_balanced_r010_t007,stress_balanced_r010_t007_e0033,12,13,1,0.26964822,0.26964822,3,4,False,NA
stress_balanced_r010_t007,stress_balanced_r010_t007_e0034,5,16,1,0.31616816,0.31616816,1,1,False,NA
stress_balanced_r010_t007,stress_balanced_r010_t007_e0035,4,1,1,0.33184531,0.33184531,6,1,False,NA
stress_balanced_r010_t007,stress_balanced_r010_t007_e0036,4,18,-1,-0.24014274,0.24014274,6,1,True,NA
stress_balanced_r010_t007,stress_balanced_r010_t007_e0037,11,2,1,0.23191735,0.23191735,2,1,False,NA
stress_balanced_r025_t001,stress_balanced_r025_t001_e0000,14,13,1,0.24490732,0.24490732,8,5,True,NA
stress_balanced_r025_t001,stress_balanced_r025_t001_e0001,17,13,1,0.28209898,0.28209898,7,5,True,NA
stress_balanced_r025_t001,stress_balanced_r025_t001_e0002,6,13,-1,-0.27856277,0.27856277,5,5,True,NA
stress_balanced_r025_t001,stress_balanced_r025_t001_e0003,16,13,-1,-0.3323725,0.3323725,4,5,True,NA
stress_balanced_r025_t001,stress_balanced_r025_t001_e0004,1,13,-1,-0.2483861,0.2483861,7,5,True,NA
stress_balanced_r025_t001,stress_balanced_r025_t001_e0005,14,5,-1,-0.25295363,0.25295363,8,3,True,NA
stress_balanced_r025_t001,stress_balanced_r025_t001_e0006,19,5,-1,-0.2810132,0.2810132,5,3,True,NA
stress_balanced_r025_t001,stress_balanced_r025_t001_e0007,11,5,-1,-0.2309246,0.2309246,8,3,True,NA
stress_balanced_r025_t001,stress_balanced_r025_t001_e0008,10,9,1,0.34137246,0.34137246,3,7,True,NA
stress_balanced_r025_t001,stress_balanced_r025_t001_e0009,1,9,1,0.23896391,0.23896391,7,7,True,NA
stress_balanced_r025_t001,stress_balanced_r025_t001_e0010,17,9,-1,-0.21661504,0.21661504,7,7,True,NA
stress_balanced_r025_t001,stress_balanced_r025_t001_e0011,12,9,1,0.25077878,0.25077878,4,7,True,NA
stress_balanced_r025_t001,stress_balanced_r025_t001_e0012,0,9,-1,-0.31781482,0.31781482,3,7,True,NA
stress_balanced_r025_t001,stress_balanced_r025_t001_e0013,3,9,1,0.20572685,0.20572685,4,7,True,NA
stress_balanced_r025_t001,stress_balanced_r025_t001_e0014,18,9,-1,-0.32401985,0.32401985,7,7,True,NA
stress_balanced_r025_t001,stress_balanced_r025_t001_e0015,3,18,1,0.32480702,0.32480702,4,7,True,NA
stress_balanced_r025_t001,stress_balanced_r025_t001_e0016,2,18,1,0.32246445,0.32246445,5,7,True,NA
stress_balanced_r025_t001,stress_balanced_r025_t001_e0017,8,18,-1,-0.33410656,0.33410656,3,7,True,NA
stress_balanced_r025_t001,stress_balanced_r025_t001_e0018,7,18,-1,-0.30456436,0.30456436,4,7,True,NA
stress_balanced_r025_t001,stress_balanced_r025_t001_e0019,1,18,1,0.3716126,0.3716126,7,7,True,NA
stress_balanced_r025_t001,stress_balanced_r025_t001_e0020,11,18,-1,-0.234011,0.234011,8,7,True,NA
stress_balanced_r025_t001,stress_balanced_r025_t001_e0021,4,18,1,0.39331892,0.39331892,1,7,True,NA
stress_balanced_r025_t001,stress_balanced_r025_t001_e0022,7,11,1,0.32634944,0.32634944,4,3,True,NA
stress_balanced_r025_t001,stress_balanced_r025_t001_e0023,5,11,-1,-0.2428764,0.2428764,7,3,True,NA
stress_balanced_r025_t001,stress_balanced_r025_t001_e0024,16,11,1,0.29298018,0.29298018,4,3,True,NA
stress_balanced_r025_t001,stress_balanced_r025_t001_e0025,1,15,-1,-0.35782908,0.35782908,7,6,True,NA
stress_balanced_r025_t001,stress_balanced_r025_t001_e0026,14,15,1,0.31152901,0.31152901,8,6,True,NA
stress_balanced_r025_t001,stress_balanced_r025_t001_e0027,9,15,1,0.31423009,0.31423009,5,6,True,NA
stress_balanced_r025_t001,stress_balanced_r025_t001_e0028,5,15,-1,-0.32314756,0.32314756,7,6,True,NA
stress_balanced_r025_t001,stress_balanced_r025_t001_e0029,11,15,1,0.36564161,0.36564161,8,6,True,NA
stress_balanced_r025_t001,stress_balanced_r025_t001_e0030,12,15,-1,-0.22195172,0.22195172,4,6,True,NA
stress_balanced_r025_t001,stress_balanced_r025_t001_e0031,9,2,1,0.21477766,0.21477766,5,7,True,NA
stress_balanced_r025_t001,stress_balanced_r025_t001_e0032,5,2,1,0.30227462,0.30227462,7,7,True,NA
stress_balanced_r025_t001,stress_balanced_r025_t001_e0033,15,2,-1,-0.32019154,0.32019154,3,7,True,NA
stress_balanced_r025_t001,stress_balanced_r025_t001_e0034,16,2,1,0.2881059,0.2881059,4,7,True,NA
stress_balanced_r025_t001,stress_balanced_r025_t001_e0035,14,2,1,0.36717695,0.36717695,8,7,True,NA
stress_balanced_r025_t001,stress_balanced_r025_t001_e0036,17,2,-1,-0.38193888,0.38193888,7,7,True,NA
stress_balanced_r025_t001,stress_balanced_r025_t001_e0037,10,2,1,0.2300502,0.2300502,3,7,True,NA
stress_balanced_r025_t001,stress_balanced_r025_t001_e0038,11,19,1,0.30600237,0.30600237,8,6,True,NA
stress_balanced_r025_t001,stress_balanced_r025_t001_e0039,2,19,1,0.20024949,0.20024949,5,6,True,NA
stress_balanced_r025_t001,stress_balanced_r025_t001_e0040,5,19,-1,-0.34106487,0.34106487,7,6,True,NA
stress_balanced_r025_t001,stress_balanced_r025_t001_e0041,17,19,1,0.28285817,0.28285817,7,6,True,NA
stress_balanced_r025_t001,stress_balanced_r025_t001_e0042,6,19,1,0.31001041,0.31001041,5,6,True,NA
stress_balanced_r025_t001,stress_balanced_r025_t001_e0043,0,19,1,0.2099082,0.2099082,3,6,True,NA
stress_balanced_r025_t001,stress_balanced_r025_t001_e0044,1,6,-1,-0.22430916,0.22430916,7,7,True,NA
stress_balanced_r025_t001,stress_balanced_r025_t001_e0045,0,6,-1,-0.27393082,0.27393082,3,7,True,NA
stress_balanced_r025_t001,stress_balanced_r025_t001_e0046,18,6,-1,-0.38426113,0.38426113,7,7,True,NA
stress_balanced_r025_t001,stress_balanced_r025_t001_e0047,11,6,1,0.22631829,0.22631829,8,7,True,NA
stress_balanced_r025_t001,stress_balanced_r025_t001_e0048,19,6,-1,-0.27657375,0.27657375,5,7,True,NA
stress_balanced_r025_t001,stress_balanced_r025_t001_e0049,15,6,-1,-0.23028058,0.23028058,3,7,True,NA
stress_balanced_r025_t001,stress_balanced_r025_t001_e0050,9,6,-1,-0.21946879,0.21946879,5,7,True,NA
stress_balanced_r025_t001,stress_balanced_r025_t001_e0051,11,8,1,0.26329047,0.26329047,8,5,True,NA
stress_balanced_r025_t001,stress_balanced_r025_t001_e0052,19,8,1,0.24150753,0.24150753,5,5,True,NA
stress_balanced_r025_t001,stress_balanced_r025_t001_e0053,6,8,-1,-0.39965561,0.39965561,5,5,True,NA
stress_balanced_r025_t001,stress_balanced_r025_t001_e0054,16,8,-1,-0.39898675,0.39898675,4,5,True,NA
stress_balanced_r025_t001,stress_balanced_r025_t001_e0055,18,8,-1,-0.26773876,0.26773876,7,5,True,NA
stress_balanced_r025_t001,stress_balanced_r025_t001_e0056,2,3,1,0.32623376,0.32623376,5,2,True,NA
stress_balanced_r025_t001,stress_balanced_r025_t001_e0057,5,3,1,0.37852429,0.37852429,7,2,True,NA
stress_balanced_r025_t001,stress_balanced_r025_t001_e0058,12,4,-1,-0.20083475,0.20083475,4,4,True,NA
stress_balanced_r025_t001,stress_balanced_r025_t001_e0059,14,4,1,0.36580687,0.36580687,8,4,True,NA
stress_balanced_r025_t001,stress_balanced_r025_t001_e0060,8,4,-1,-0.33691737,0.33691737,3,4,True,NA
stress_balanced_r025_t001,stress_balanced_r025_t001_e0061,17,4,1,0.33859639,0.33859639,7,4,True,NA
stress_balanced_r025_t001,stress_balanced_r025_t001_e0062,2,14,-1,-0.26195797,0.26195797,5,2,True,NA
stress_balanced_r025_t001,stress_balanced_r025_t001_e0063,5,14,-1,-0.30115018,0.30115018,7,2,True,NA
stress_balanced_r025_t001,stress_balanced_r025_t001_e0064,17,0,1,0.27333498,0.27333498,7,5,True,NA
stress_balanced_r025_t001,stress_balanced_r025_t001_e0065,13,0,-1,-0.26796084,0.26796084,2,5,True,NA
stress_balanced_r025_t001,stress_balanced_r025_t001_e0066,18,0,-1,-0.29946911,0.29946911,7,5,True,NA
stress_balanced_r025_t001,stress_balanced_r025_t001_e0067,10,0,-1,-0.34038971,0.34038971,3,5,True,NA
stress_balanced_r025_t001,stress_balanced_r025_t001_e0068,14,0,-1,-0.28121514,0.28121514,8,5,True,NA
stress_balanced_r025_t001,stress_balanced_r025_t001_e0069,19,17,1,0.21940557,0.21940557,5,4,True,NA
stress_balanced_r025_t001,stress_balanced_r025_t001_e0070,18,17,-1,-0.32095758,0.32095758,7,4,True,NA
stress_balanced_r025_t001,stress_balanced_r025_t001_e0071,14,17,1,0.2553494,0.2553494,8,4,True,NA
stress_balanced_r025_t001,stress_balanced_r025_t001_e0072,12,17,1,0.26441049,0.26441049,4,4,True,NA
stress_balanced_r025_t001,stress_balanced_r025_t001_e0073,8,1,1,0.31453738,0.31453738,3,7,True,NA
stress_balanced_r025_t001,stress_balanced_r025_t001_e0074,5,1,1,0.37235242,0.37235242,7,7,True,NA
stress_balanced_r025_t001,stress_balanced_r025_t001_e0075,14,1,-1,-0.29244076,0.29244076,8,7,True,NA
stress_balanced_r025_t001,stress_balanced_r025_t001_e0076,7,1,-1,-0.21351928,0.21351928,4,7,True,NA
stress_balanced_r025_t001,stress_balanced_r025_t001_e0077,2,1,-1,-0.36563104,0.36563104,5,7,True,NA
stress_balanced_r025_t001,stress_balanced_r025_t001_e0078,6,1,-1,-0.22711048,0.22711048,5,7,True,NA
stress_balanced_r025_t001,stress_balanced_r025_t001_e0079,11,1,-1,-0.21690028,0.21690028,8,7,True,NA
stress_balanced_r025_t001,stress_balanced_r025_t001_e0080,11,7,1,0.35797297,0.35797297,8,6,True,NA
stress_balanced_r025_t001,stress_balanced_r025_t001_e0081,6,7,-1,-0.20468611,0.20468611,5,6,True,NA
stress_balanced_r025_t001,stress_balanced_r025_t001_e0082,18,7,-1,-0.23929641,0.23929641,7,6,True,NA
stress_balanced_r025_t001,stress_balanced_r025_t001_e0083,1,7,1,0.39539898,0.39539898,7,6,True,NA
stress_balanced_r025_t001,stress_balanced_r025_t001_e0084,9,7,1,0.29689429,0.29689429,5,6,True,NA
stress_balanced_r025_t001,stress_balanced_r025_t001_e0085,3,7,-1,-0.22207097,0.22207097,4,6,True,NA
stress_balanced_r025_t001,stress_balanced_r025_t001_e0086,1,16,1,0.35305397,0.35305397,7,2,True,NA
stress_balanced_r025_t001,stress_balanced_r025_t001_e0087,17,16,1,0.36622471,0.36622471,7,2,True,NA
stress_balanced_r025_t001,stress_balanced_r025_t001_e0088,18,10,-1,-0.21486062,0.21486062,7,6,True,NA
stress_balanced_r025_t001,stress_balanced_r025_t001_e0089,7,10,1,0.21592949,0.21592949,4,6,True,NA
stress_balanced_r025_t001,stress_balanced_r025_t001_e0090,9,10,1,0.36320412,0.36320412,5,6,True,NA
stress_balanced_r025_t001,stress_balanced_r025_t001_e0091,13,10,-1,-0.21726695,0.21726695,2,6,True,NA
stress_balanced_r025_t001,stress_balanced_r025_t001_e0092,19,10,1,0.20693253,0.20693253,5,6,True,NA
stress_balanced_r025_t001,stress_balanced_r025_t001_e0093,15,10,1,0.31720367,0.31720367,3,6,True,NA
stress_balanced_r025_t001,stress_balanced_r025_t001_e0094,3,12,1,0.21878117,0.21878117,4,1,True,NA
stress_repression_biased_r010_t004,stress_repression_biased_r010_t004_e0000,3,6,-1,-0.25393027,0.25393027,4,4,True,NA
stress_repression_biased_r010_t004,stress_repression_biased_r010_t004_e0001,19,6,-1,-0.2410159,0.2410159,2,4,True,NA
stress_repression_biased_r010_t004,stress_repression_biased_r010_t004_e0002,13,6,-1,-0.36957606,0.36957606,2,4,True,NA
stress_repression_biased_r010_t004,stress_repression_biased_r010_t004_e0003,17,6,1,0.3558696,0.3558696,2,4,True,NA
stress_repression_biased_r010_t004,stress_repression_biased_r010_t004_e0004,10,14,1,0.24405014,0.24405014,5,2,False,NA
stress_repression_biased_r010_t004,stress_repression_biased_r010_t004_e0005,11,14,-1,-0.30608287,0.30608287,3,2,True,NA
stress_repression_biased_r010_t004,stress_repression_biased_r010_t004_e0006,6,9,1,0.39304239,0.39304239,5,2,False,NA
stress_repression_biased_r010_t004,stress_repression_biased_r010_t004_e0007,19,9,1,0.32968516,0.32968516,2,2,False,NA
stress_repression_biased_r010_t004,stress_repression_biased_r010_t004_e0008,2,5,-1,-0.31548956,0.31548956,4,2,True,NA
stress_repression_biased_r010_t004,stress_repression_biased_r010_t004_e0009,7,5,-1,-0.2432361,0.2432361,2,2,True,NA
stress_repression_biased_r010_t004,stress_repression_biased_r010_t004_e0010,2,19,-1,-0.3874637,0.3874637,4,2,True,NA
stress_repression_biased_r010_t004,stress_repression_biased_r010_t004_e0011,14,19,1,0.35167233,0.35167233,1,2,True,NA
stress_repression_biased_r010_t004,stress_repression_biased_r010_t004_e0012,7,8,1,0.26741751,0.26741751,2,3,True,NA
stress_repression_biased_r010_t004,stress_repression_biased_r010_t004_e0013,17,8,-1,-0.2357513,0.2357513,2,3,True,NA
stress_repression_biased_r010_t004,stress_repression_biased_r010_t004_e0014,4,8,1,0.34627494,0.34627494,1,3,True,NA
stress_repression_biased_r010_t004,stress_repression_biased_r010_t004_e0015,6,16,-1,-0.20124119,0.20124119,5,1,False,NA
stress_repression_biased_r010_t004,stress_repression_biased_r010_t004_e0016,1,13,-1,-0.29086162,0.29086162,2,3,True,NA
stress_repression_biased_r010_t004,stress_repression_biased_r010_t004_e0017,8,13,-1,-0.23535494,0.23535494,1,3,True,NA
stress_repression_biased_r010_t004,stress_repression_biased_r010_t004_e0018,10,13,-1,-0.33162232,0.33162232,5,3,False,NA
stress_repression_biased_r010_t004,stress_repression_biased_r010_t004_e0019,18,7,-1,-0.28521675,0.28521675,2,2,True,NA
stress_repression_biased_r010_t004,stress_repression_biased_r010_t004_e0020,11,7,-1,-0.27124359,0.27124359,3,2,True,NA
stress_repression_biased_r010_t004,stress_repression_biased_r010_t004_e0021,6,15,-1,-0.28391999,0.28391999,5,2,True,NA
stress_repression_biased_r010_t004,stress_repression_biased_r010_t004_e0022,18,15,1,0.21212045,0.21212045,2,2,True,NA
stress_repression_biased_r010_t004,stress_repression_biased_r010_t004_e0023,10,1,-1,-0.25556136,0.25556136,5,3,False,NA
stress_repression_biased_r010_t004,stress_repression_biased_r010_t004_e0024,5,1,-1,-0.31012945,0.31012945,1,3,True,NA
stress_repression_biased_r010_t004,stress_repression_biased_r010_t004_e0025,3,1,-1,-0.34953181,0.34953181,4,3,True,NA
stress_repression_biased_r010_t004,stress_repression_biased_r010_t004_e0026,2,4,-1,-0.34488269,0.34488269,4,1,True,NA
stress_repression_biased_r010_t004,stress_repression_biased_r010_t004_e0027,6,17,-1,-0.2563795,0.2563795,5,2,True,NA
stress_repression_biased_r010_t004,stress_repression_biased_r010_t004_e0028,2,17,1,0.3389943,0.3389943,4,2,True,NA
stress_repression_biased_r010_t004,stress_repression_biased_r010_t004_e0029,11,12,1,0.37628943,0.37628943,3,2,False,NA
stress_repression_biased_r010_t004,stress_repression_biased_r010_t004_e0030,10,12,-1,-0.35855563,0.35855563,5,2,False,NA
stress_repression_biased_r010_t004,stress_repression_biased_r010_t004_e0031,1,18,1,0.27906753,0.27906753,2,1,True,NA
stress_repression_biased_r010_t004,stress_repression_biased_r010_t004_e0032,6,2,-1,-0.2736391,0.2736391,5,2,True,NA
stress_repression_biased_r010_t004,stress_repression_biased_r010_t004_e0033,3,2,1,0.35266167,0.35266167,4,2,True,NA
stress_repression_biased_r010_t004,stress_repression_biased_r010_t004_e0034,15,11,-1,-0.22430075,0.22430075,1,3,True,NA
stress_repression_biased_r010_t004,stress_repression_biased_r010_t004_e0035,3,11,-1,-0.30964128,0.30964128,4,3,True,NA
stress_repression_biased_r010_t004,stress_repression_biased_r010_t004_e0036,10,11,-1,-0.25073056,0.25073056,5,3,False,NA
stress_repression_biased_r010_t004,stress_repression_biased_r010_t004_e0037,13,3,-1,-0.23876801,0.23876801,2,1,True,NA
