perturbation_id,source_world_id,perturbation_mode,delete_k,repeat_index,N_init_screened,N_pre_perturb_state_classes,N_perturbed_representatives,fraction_robust,fraction_landing_shift,fraction_regime_transition,fraction_collapse,fraction_ambiguous,mean_state_landing_distance,median_state_landing_distance,delta_rho_W,delta_mean_clipping_frequency,mean_convergence_time_change,dominant_outcome
baseline_balanced_r010_t000_A_r0_rep0,baseline_balanced_r010_t000,random_delete_5,5,0,5,1,1,0.0,1.0,0.0,0.0,0.0,0.10993483,0.10993483,-0.001393,0.0,-28.0,landing_shift
baseline_balanced_r010_t000_A_r1_rep0,baseline_balanced_r010_t000,random_delete_5,5,1,5,1,1,0.0,1.0,0.0,0.0,0.0,0.16145879,0.16145879,-0.001393,0.0,-29.0,landing_shift
baseline_balanced_r010_t000_A_r2_rep0,baseline_balanced_r010_t000,random_delete_5,5,2,5,1,1,0.0,1.0,0.0,0.0,0.0,0.10988395,0.10988395,-0.001393,0.0,-33.0,landing_shift
baseline_balanced_r010_t000_A_r3_rep0,baseline_balanced_r010_t000,random_delete_5,5,3,5,1,1,0.0,1.0,0.0,0.0,0.0,0.20779065,0.20779065,-0.001393,-0.05,-23.0,landing_shift
baseline_balanced_r010_t000_A_r4_rep0,baseline_balanced_r010_t000,random_delete_5,5,4,5,1,1,0.0,1.0,0.0,0.0,0.0,0.21730497,0.21730497,-0.034572,0.0,-27.0,landing_shift
baseline_balanced_r010_t000_A_r5_rep0,baseline_balanced_r010_t000,random_delete_5,5,5,5,1,1,0.0,1.0,0.0,0.0,0.0,0.13840908,0.13840908,0.000391,-0.0497,-26.0,landing_shift
baseline_balanced_r010_t000_A_r6_rep0,baseline_balanced_r010_t000,random_delete_5,5,6,5,1,1,0.0,1.0,0.0,0.0,0.0,0.11383718,0.11383718,-0.001393,-0.05,-33.0,landing_shift
baseline_balanced_r010_t000_A_r7_rep0,baseline_balanced_r010_t000,random_delete_5,5,7,5,1,1,0.0,1.0,0.0,0.0,0.0,0.22685547,0.22685547,-0.040991,-0.05,-25.0,landing_shift
baseline_balanced_r010_t000_A_r8_rep0,baseline_balanced_r010_t000,random_delete_5,5,8,5,1,1,0.0,1.0,0.0,0.0,0.0,0.17781234,0.17781234,-0.001393,-0.05,-19.0,landing_shift
baseline_balanced_r010_t000_A_r9_rep0,baseline_balanced_r010_t000,random_delete_5,5,9,5,1,1,0.0,1.0,0.0,0.0,0.0,0.18870493,0.18870493,-0.023459,0.0,-22.0,landing_shift
baseline_balanced_r010_t000_C_r0_rep0,baseline_balanced_r010_t000,target_hub_outgoing_5,5,0,5,1,1,0.0,1.0,0.0,0.0,0.0,0.15169543,0.15169543,-0.00034,-0.0497,-25.0,landing_shift
baseline_balanced_r010_t000_D_r0_rep0,baseline_balanced_r010_t000,target_largest_scc_internal_5,5,0,5,1,1,0.0,1.0,0.0,0.0,0.0,0.24170202,0.24170202,-0.033725,0.0,-25.0,landing_shift
baseline_balanced_r010_t000_B_r0_rep0,baseline_balanced_r010_t000,target_strongest_5,5,0,5,1,1,0.0,1.0,0.0,0.0,0.0,0.2920913,0.2920913,-0.036378,-0.0499,-27.0,landing_shift
chen_balanced_r010_t006_A_r0_rep0,chen_balanced_r010_t006,random_delete_5,5,0,5,1,1,0.0,1.0,0.0,0.0,0.0,0.14193991,0.14193991,0.0,0.0499,-3.0,landing_shift
chen_balanced_r010_t006_A_r1_rep0,chen_balanced_r010_t006,random_delete_5,5,1,5,1,1,0.0,1.0,0.0,0.0,0.0,0.44733662,0.44733662,-0.005922,0.0497,3.0,landing_shift
chen_balanced_r010_t006_A_r2_rep0,chen_balanced_r010_t006,random_delete_5,5,2,5,1,1,0.0,1.0,0.0,0.0,0.0,0.45005371,0.45005371,0.049278,0.0496,-25.0,landing_shift
chen_balanced_r010_t006_A_r3_rep0,chen_balanced_r010_t006,random_delete_5,5,3,5,1,1,0.0,1.0,0.0,0.0,0.0,0.30249209,0.30249209,-0.028224,0.0497,2.0,landing_shift
chen_balanced_r010_t006_A_r4_rep0,chen_balanced_r010_t006,random_delete_5,5,4,5,1,1,0.0,1.0,0.0,0.0,0.0,0.23040555,0.23040555,-0.042926,0.099,-18.0,landing_shift
chen_balanced_r010_t006_A_r5_rep0,chen_balanced_r010_t006,random_delete_5,5,5,5,1,1,0.0,1.0,0.0,0.0,0.0,0.26721702,0.26721702,-0.03326,0.0996,-35.0,landing_shift
chen_balanced_r010_t006_A_r6_rep0,chen_balanced_r010_t006,random_delete_5,5,6,5,1,1,0.0,1.0,0.0,0.0,0.0,0.27398375,0.27398375,-0.005922,-0.05,4.0,landing_shift
chen_balanced_r010_t006_A_r7_rep0,chen_balanced_r010_t006,random_delete_5,5,7,5,1,1,0.0,1.0,0.0,0.0,0.0,0.37441813,0.37441813,0.0,0.0987,-23.0,landing_shift
chen_balanced_r010_t006_A_r8_rep0,chen_balanced_r010_t006,random_delete_5,5,8,5,1,1,0.0,1.0,0.0,0.0,0.0,0.15286332,0.15286332,0.049278,0.0499,-5.0,landing_shift
chen_balanced_r010_t006_A_r9_rep0,chen_balanced_r010_t006,random_delete_5,5,9,5,1,1,0.0,1.0,0.0,0.0,0.0,0.35741585,0.35741585,-0.019268,-0.0484,36.0,landing_shift
chen_balanced_r010_t006_C_r0_rep0,chen_balanced_r010_t006,target_hub_outgoing_5,5,0,5,1,1,0.0,1.0,0.0,0.0,0.0,0.58219116,0.58219116,0.0,0.0026,7.0,landing_shift
chen_balanced_r010_t006_D_r0_rep0,chen_balanced_r010_t006,target_largest_scc_internal_5,5,0,5,1,1,0.0,1.0,0.0,0.0,0.0,0.32402484,0.32402484,0.0,0.0004,-8.0,landing_shift
chen_balanced_r010_t006_B_r0_rep0,chen_balanced_r010_t006,target_strongest_5,5,0,5,1,1,0.0,1.0,0.0,0.0,0.0,0.47549549,0.47549549,0.0,-0.0007,-20.0,landing_shift
chen_balanced_r025_t000_A_r0_rep0,chen_balanced_r025_t000,random_delete_5,5,0,5,5,5,0.0,0.0,0.8,0.0,0.2,0.54040751,0.58885311,0.026796,0.06464,96.2,regime_transition
chen_balanced_r025_t000_A_r1_rep0,chen_balanced_r025_t000,random_delete_5,5,1,5,5,5,0.0,0.4,0.6,0.0,0.0,6088828.0343696,0.62464383,0.008899,0.08558,71.0,regime_transition
chen_balanced_r025_t000_A_r2_rep0,chen_balanced_r025_t000,random_delete_5,5,2,5,5,5,0.0,1.0,0.0,0.0,0.0,0.64392514,0.74727356,-0.00957,0.01184,0.0,landing_shift
chen_balanced_r025_t000_A_r3_rep0,chen_balanced_r025_t000,random_delete_5,5,3,5,5,5,0.0,0.2,0.8,0.0,0.0,0.7464587,0.62388132,-0.031362,0.05366,154.4,regime_transition
chen_balanced_r025_t000_A_r4_rep0,chen_balanced_r025_t000,random_delete_5,5,4,5,5,5,0.0,0.0,1.0,0.0,0.0,1.0721397,0.8591613,-0.021941,0.07132,174.8,regime_transition
chen_balanced_r025_t000_A_r5_rep0,chen_balanced_r025_t000,random_delete_5,5,5,5,5,5,0.0,0.8,0.2,0.0,0.0,0.72736492,0.70184469,-0.006832,0.00354,68.0,landing_shift
chen_balanced_r025_t000_A_r6_rep0,chen_balanced_r025_t000,random_delete_5,5,6,5,5,5,0.0,0.4,0.4,0.0,0.2,0.53457878,0.3891002,-0.028291,0.04514,51.8,regime_transition
chen_balanced_r025_t000_A_r7_rep0,chen_balanced_r025_t000,random_delete_5,5,7,5,5,5,0.0,0.6,0.2,0.0,0.2,0.59847935,0.6887455,0.005657,0.01738,200.6,landing_shift
chen_balanced_r025_t000_A_r8_rep0,chen_balanced_r025_t000,random_delete_5,5,8,5,5,5,0.0,0.6,0.2,0.0,0.2,0.85758277,0.57847408,-0.031128,0.01952,0.0,landing_shift
chen_balanced_r025_t000_A_r9_rep0,chen_balanced_r025_t000,random_delete_5,5,9,5,5,5,0.0,0.2,0.8,0.0,0.0,0.95510841,0.78308844,0.01028,0.03994,211.6,regime_transition
chen_balanced_r025_t000_C_r0_rep0,chen_balanced_r025_t000,target_hub_outgoing_5,5,0,5,5,5,0.0,0.0,1.0,0.0,0.0,0.92068065,0.95494178,-0.020073,0.1251,164.8,regime_transition
chen_balanced_r025_t000_D_r0_rep0,chen_balanced_r025_t000,target_largest_scc_internal_5,5,0,5,5,5,0.0,0.2,0.8,0.0,0.0,0.68026685,0.62346456,-0.007525,0.05368,165.2,regime_transition
chen_balanced_r025_t000_B_r0_rep0,chen_balanced_r025_t000,target_strongest_5,5,0,5,5,5,0.0,1.0,0.0,0.0,0.0,0.79458379,0.80513173,-0.02555,-0.02408,0.0,landing_shift
chen_balanced_r025_t005_A_r0_rep0,chen_balanced_r025_t005,random_delete_5,5,0,5,1,1,0.0,1.0,0.0,0.0,0.0,0.20331354,0.20331354,0.040226,0.0,61.0,landing_shift
chen_balanced_r025_t005_A_r1_rep0,chen_balanced_r025_t005,random_delete_5,5,1,5,1,1,0.0,1.0,0.0,0.0,0.0,0.15900461,0.15900461,0.000717,0.0947,134.0,landing_shift
chen_balanced_r025_t005_A_r2_rep0,chen_balanced_r025_t005,random_delete_5,5,2,5,1,1,0.0,1.0,0.0,0.0,0.0,0.09551869,0.09551869,0.00876,0.0494,253.0,landing_shift
chen_balanced_r025_t005_A_r3_rep0,chen_balanced_r025_t005,random_delete_5,5,3,5,1,1,0.0,0.0,1.0,0.0,0.0,0.64593128,0.64593128,-0.028928,-0.0459,-166.0,regime_transition
chen_balanced_r025_t005_A_r4_rep0,chen_balanced_r025_t005,random_delete_5,5,4,5,1,1,1.0,0.0,0.0,0.0,0.0,0.00436667,0.00436667,-0.009832,0.0,-82.0,robust
chen_balanced_r025_t005_A_r5_rep0,chen_balanced_r025_t005,random_delete_5,5,5,5,1,1,0.0,1.0,0.0,0.0,0.0,0.73830423,0.73830423,-0.002337,-0.0018,67.0,landing_shift
chen_balanced_r025_t005_A_r6_rep0,chen_balanced_r025_t005,random_delete_5,5,6,5,1,1,0.0,1.0,0.0,0.0,0.0,0.06822725,0.06822725,-0.032761,0.05,216.0,landing_shift
chen_balanced_r025_t005_A_r7_rep0,chen_balanced_r025_t005,random_delete_5,5,7,5,1,1,0.0,0.0,1.0,0.0,0.0,1547921.64457415,1547921.64457415,0.008935,0.094,-166.0,regime_transition
chen_balanced_r025_t005_A_r8_rep0,chen_balanced_r025_t005,random_delete_5,5,8,5,1,1,0.0,1.0,0.0,0.0,0.0,0.2653877,0.2653877,-0.005095,0.0,45.0,landing_shift
chen_balanced_r025_t005_A_r9_rep0,chen_balanced_r025_t005,random_delete_5,5,9,5,1,1,1.0,0.0,0.0,0.0,0.0,0.03725605,0.03725605,-0.020155,-0.05,-33.0,robust
chen_balanced_r025_t005_C_r0_rep0,chen_balanced_r025_t005,target_hub_outgoing_5,5,0,5,1,1,0.0,0.0,0.0,0.0,1.0,3.31914047,3.31914047,-0.035054,0.0894,-166.0,ambiguous
chen_balanced_r025_t005_D_r0_rep0,chen_balanced_r025_t005,target_largest_scc_internal_5,5,0,5,1,1,0.0,1.0,0.0,0.0,0.0,0.43838864,0.43838864,-0.033846,0.0001,-65.0,landing_shift
chen_balanced_r025_t005_B_r0_rep0,chen_balanced_r025_t005,target_strongest_5,5,0,5,1,1,0.0,1.0,0.0,0.0,0.0,0.79424374,0.79424374,-0.081463,-0.0918,-166.0,landing_shift
chen_repression_biased_r025_t001_A_r0_rep0,chen_repression_biased_r025_t001,random_delete_5,5,0,5,1,1,0.0,1.0,0.0,0.0,0.0,0.36132901,0.36132901,-0.022463,0.0491,-50.0,landing_shift
chen_repression_biased_r025_t001_A_r1_rep0,chen_repression_biased_r025_t001,random_delete_5,5,1,5,1,1,1.0,0.0,0.0,0.0,0.0,2.654e-05,2.654e-05,-0.010499,0.0,-120.0,robust
chen_repression_biased_r025_t001_A_r2_rep0,chen_repression_biased_r025_t001,random_delete_5,5,2,5,1,1,0.0,1.0,0.0,0.0,0.0,0.46409627,0.46409627,-0.066927,0.065,-121.0,landing_shift
chen_repression_biased_r025_t001_A_r3_rep0,chen_repression_biased_r025_t001,random_delete_5,5,3,5,1,1,0.0,1.0,0.0,0.0,0.0,0.40981351,0.40981351,-0.014976,-0.0515,-15.0,landing_shift
chen_repression_biased_r025_t001_A_r4_rep0,chen_repression_biased_r025_t001,random_delete_5,5,4,5,1,1,0.0,1.0,0.0,0.0,0.0,0.26454948,0.26454948,0.002144,0.0489,-34.0,landing_shift
chen_repression_biased_r025_t001_A_r5_rep0,chen_repression_biased_r025_t001,random_delete_5,5,5,5,1,1,0.0,1.0,0.0,0.0,0.0,0.75629646,0.75629646,0.014537,0.1485,-7.0,landing_shift
chen_repression_biased_r025_t001_A_r6_rep0,chen_repression_biased_r025_t001,random_delete_5,5,6,5,1,1,0.0,1.0,0.0,0.0,0.0,0.37365116,0.37365116,-0.003786,0.0499,4.0,landing_shift
chen_repression_biased_r025_t001_A_r7_rep0,chen_repression_biased_r025_t001,random_delete_5,5,7,5,1,1,1.0,0.0,0.0,0.0,0.0,0.02039532,0.02039532,-0.007611,-0.05,-19.0,robust
chen_repression_biased_r025_t001_A_r8_rep0,chen_repression_biased_r025_t001,random_delete_5,5,8,5,1,1,0.0,1.0,0.0,0.0,0.0,0.26989231,0.26989231,-0.002039,0.0497,-38.0,landing_shift
chen_repression_biased_r025_t001_A_r9_rep0,chen_repression_biased_r025_t001,random_delete_5,5,9,5,1,1,0.0,1.0,0.0,0.0,0.0,0.27675598,0.27675598,-0.010627,0.0,20.0,landing_shift
chen_repression_biased_r025_t001_C_r0_rep0,chen_repression_biased_r025_t001,target_hub_outgoing_5,5,0,5,1,1,0.0,1.0,0.0,0.0,0.0,0.37601407,0.37601407,-0.012711,0.0961,-55.0,landing_shift
chen_repression_biased_r025_t001_D_r0_rep0,chen_repression_biased_r025_t001,target_largest_scc_internal_5,5,0,5,1,1,0.0,1.0,0.0,0.0,0.0,0.27480215,0.27480215,-0.00956,0.0496,-49.0,landing_shift
chen_repression_biased_r025_t001_B_r0_rep0,chen_repression_biased_r025_t001,target_strongest_5,5,0,5,1,1,0.0,1.0,0.0,0.0,0.0,0.29082645,0.29082645,-0.032035,0.0488,-37.0,landing_shift
chen_repression_biased_r025_t007_A_r0_rep0,chen_repression_biased_r025_t007,random_delete_5,5,0,5,2,2,0.5,0.5,0.0,0.0,0.0,0.3626228,0.3626228,0.003288,-0.0291,0.5,landing_shift
chen_repression_biased_r025_t007_A_r1_rep0,chen_repression_biased_r025_t007,random_delete_5,5,1,5,2,2,0.0,1.0,0.0,0.0,0.0,0.27338522,0.27338522,-0.102984,0.02105,6.0,landing_shift
chen_repression_biased_r025_t007_A_r2_rep0,chen_repression_biased_r025_t007,random_delete_5,5,2,5,2,2,0.0,1.0,0.0,0.0,0.0,0.54475074,0.54475074,0.011933,-0.02495,8.0,landing_shift
chen_repression_biased_r025_t007_A_r3_rep0,chen_repression_biased_r025_t007,random_delete_5,5,3,5,2,2,0.0,1.0,0.0,0.0,0.0,0.56984806,0.56984806,-0.035875,-0.09865,-1.5,landing_shift
chen_repression_biased_r025_t007_A_r4_rep0,chen_repression_biased_r025_t007,random_delete_5,5,4,5,2,2,0.0,1.0,0.0,0.0,0.0,0.18932151,0.18932151,-0.014962,-0.02415,9.5,landing_shift
chen_repression_biased_r025_t007_A_r5_rep0,chen_repression_biased_r025_t007,random_delete_5,5,5,5,2,2,0.0,1.0,0.0,0.0,0.0,0.56241775,0.56241775,-0.067477,-0.0084,15.5,landing_shift
chen_repression_biased_r025_t007_A_r6_rep0,chen_repression_biased_r025_t007,random_delete_5,5,6,5,2,2,0.0,1.0,0.0,0.0,0.0,0.50863933,0.50863933,0.011704,0.02235,15.0,landing_shift
chen_repression_biased_r025_t007_A_r7_rep0,chen_repression_biased_r025_t007,random_delete_5,5,7,5,2,2,0.0,1.0,0.0,0.0,0.0,0.5023092,0.5023092,-0.002051,-0.07505,32.5,landing_shift
chen_repression_biased_r025_t007_A_r8_rep0,chen_repression_biased_r025_t007,random_delete_5,5,8,5,2,2,0.0,1.0,0.0,0.0,0.0,0.35532502,0.35532502,-9.6e-05,0.02585,32.5,landing_shift
chen_repression_biased_r025_t007_A_r9_rep0,chen_repression_biased_r025_t007,random_delete_5,5,9,5,2,2,0.0,1.0,0.0,0.0,0.0,0.26400626,0.26400626,-0.060425,-0.0747,-38.0,landing_shift
chen_repression_biased_r025_t007_C_r0_rep0,chen_repression_biased_r025_t007,target_hub_outgoing_5,5,0,5,2,2,1.0,0.0,0.0,0.0,0.0,7.844e-05,7.844e-05,-0.001977,0.0,-111.0,robust
chen_repression_biased_r025_t007_D_r0_rep0,chen_repression_biased_r025_t007,target_largest_scc_internal_5,5,0,5,2,2,1.0,0.0,0.0,0.0,0.0,0.01083427,0.01083427,-0.017777,0.0,-76.5,robust
chen_repression_biased_r025_t007_B_r0_rep0,chen_repression_biased_r025_t007,target_strongest_5,5,0,5,2,2,0.0,1.0,0.0,0.0,0.0,0.46544351,0.46544351,-0.011531,0.0258,49.0,landing_shift
stress_balanced_r010_t001_A_r0_rep0,stress_balanced_r010_t001,random_delete_5,5,0,5,5,5,0.2,0.8,0.0,0.0,0.0,0.57898582,0.57780355,-0.302665,-0.07228,58.8,landing_shift
stress_balanced_r010_t001_A_r1_rep0,stress_balanced_r010_t001,random_delete_5,5,1,5,5,5,0.6,0.2,0.2,0.0,0.0,421433390.0137061,0.0,-0.008033,-0.04962,10.6,robust
stress_balanced_r010_t001_A_r2_rep0,stress_balanced_r010_t001,random_delete_5,5,2,5,5,5,0.2,0.8,0.0,0.0,0.0,0.5330509,0.55194158,-0.049384,-0.03006,57.6,landing_shift
stress_balanced_r010_t001_A_r3_rep0,stress_balanced_r010_t001,random_delete_5,5,3,5,5,5,0.2,0.8,0.0,0.0,0.0,0.21295621,0.07182843,0.0,0.0099,-14.0,landing_shift
stress_balanced_r010_t001_A_r4_rep0,stress_balanced_r010_t001,random_delete_5,5,4,5,5,5,0.4,0.6,0.0,0.0,0.0,0.38639495,0.38003319,0.032269,-0.06748,20.2,landing_shift
stress_balanced_r010_t001_A_r5_rep0,stress_balanced_r010_t001,random_delete_5,5,5,5,5,5,0.2,0.8,0.0,0.0,0.0,0.64788438,1.0,-0.040156,-0.05842,90.0,landing_shift
stress_balanced_r010_t001_A_r6_rep0,stress_balanced_r010_t001,random_delete_5,5,6,5,5,5,0.2,0.8,0.0,0.0,0.0,0.50769308,0.50395313,-0.175721,-0.00048,17.8,landing_shift
stress_balanced_r010_t001_A_r7_rep0,stress_balanced_r010_t001,random_delete_5,5,7,5,5,5,0.0,0.8,0.2,0.0,0.0,165424709.60453925,0.50395313,-0.053087,0.02814,11.0,landing_shift
stress_balanced_r010_t001_A_r8_rep0,stress_balanced_r010_t001,random_delete_5,5,8,5,5,5,0.2,0.8,0.0,0.0,0.0,0.49418142,0.39907865,-0.076987,0.02012,57.6,landing_shift
stress_balanced_r010_t001_A_r9_rep0,stress_balanced_r010_t001,random_delete_5,5,9,5,5,5,0.0,1.0,0.0,0.0,0.0,0.66288705,0.89044215,-0.175721,-0.04058,50.6,landing_shift
stress_balanced_r010_t001_C_r0_rep0,stress_balanced_r010_t001,target_hub_outgoing_5,5,0,5,5,5,0.8,0.2,0.0,0.0,0.0,0.03182485,0.0,0.044154,0.00996,-15.0,robust
stress_balanced_r010_t001_D_r0_rep0,stress_balanced_r010_t001,target_largest_scc_internal_5,5,0,5,5,5,0.2,0.8,0.0,0.0,0.0,0.62054904,0.7777134,-0.175721,-0.01822,21.4,landing_shift
stress_balanced_r010_t001_B_r0_rep0,stress_balanced_r010_t001,target_strongest_5,5,0,5,5,5,0.8,0.0,0.2,0.0,0.0,283876541.5897121,0.0,-0.175721,0.01956,-25.4,robust
stress_balanced_r010_t003_A_r0_rep0,stress_balanced_r010_t003,random_delete_5,5,0,5,1,1,0.0,1.0,0.0,0.0,0.0,0.47601711,0.47601711,0.069513,0.0,-33.0,landing_shift
stress_balanced_r010_t003_A_r1_rep0,stress_balanced_r010_t003,random_delete_5,5,1,5,1,1,0.0,1.0,0.0,0.0,0.0,0.31826127,0.31826127,0.028481,0.0495,-18.0,landing_shift
stress_balanced_r010_t003_A_r2_rep0,stress_balanced_r010_t003,random_delete_5,5,2,5,1,1,0.0,1.0,0.0,0.0,0.0,0.21721001,0.21721001,0.010623,0.0,-42.0,landing_shift
stress_balanced_r010_t003_A_r3_rep0,stress_balanced_r010_t003,random_delete_5,5,3,5,1,1,0.0,1.0,0.0,0.0,0.0,0.20202597,0.20202597,0.032892,0.0,-43.0,landing_shift
stress_balanced_r010_t003_A_r4_rep0,stress_balanced_r010_t003,random_delete_5,5,4,5,1,1,0.0,1.0,0.0,0.0,0.0,0.67831807,0.67831807,-0.025603,-0.0492,-37.0,landing_shift
stress_balanced_r010_t003_A_r5_rep0,stress_balanced_r010_t003,random_delete_5,5,5,5,1,1,0.0,1.0,0.0,0.0,0.0,0.49665291,0.49665291,0.060615,0.0492,-26.0,landing_shift
stress_balanced_r010_t003_A_r6_rep0,stress_balanced_r010_t003,random_delete_5,5,6,5,1,1,0.0,1.0,0.0,0.0,0.0,0.32162028,0.32162028,0.034505,0.0,-51.0,landing_shift
stress_balanced_r010_t003_A_r7_rep0,stress_balanced_r010_t003,random_delete_5,5,7,5,1,1,1.0,0.0,0.0,0.0,0.0,1.456e-05,1.456e-05,0.003954,0.0,-88.0,robust
stress_balanced_r010_t003_A_r8_rep0,stress_balanced_r010_t003,random_delete_5,5,8,5,1,1,0.0,1.0,0.0,0.0,0.0,0.68310614,0.68310614,0.004527,-0.0992,-37.0,landing_shift
stress_balanced_r010_t003_A_r9_rep0,stress_balanced_r010_t003,random_delete_5,5,9,5,1,1,0.0,1.0,0.0,0.0,0.0,0.72907958,0.72907958,-0.094342,-0.0492,-36.0,landing_shift
stress_balanced_r010_t003_C_r0_rep0,stress_balanced_r010_t003,target_hub_outgoing_5,5,0,5,1,1,1.0,0.0,0.0,0.0,0.0,1.456e-05,1.456e-05,0.00364,0.0,-88.0,robust
stress_balanced_r010_t003_D_r0_rep0,stress_balanced_r010_t003,target_largest_scc_internal_5,5,0,5,1,1,0.0,1.0,0.0,0.0,0.0,0.20202597,0.20202597,0.046871,0.0,-43.0,landing_shift
stress_balanced_r010_t003_B_r0_rep0,stress_balanced_r010_t003,target_strongest_5,5,0,5,1,1,1.0,0.0,0.0,0.0,0.0,1.456e-05,1.456e-05,0.009751,0.0,-88.0,robust
stress_balanced_r010_t005_A_r0_rep0,stress_balanced_r010_t005,random_delete_5,5,0,5,5,5,0.4,0.6,0.0,0.0,0.0,0.22984814,0.2109895,-0.19755,-0.00024,0.0,landing_shift
stress_balanced_r010_t005_A_r1_rep0,stress_balanced_r010_t005,random_delete_5,5,1,5,5,5,0.4,0.6,0.0,0.0,0.0,0.6,1.0,-0.096107,-8e-05,0.0,landing_shift
stress_balanced_r010_t005_A_r2_rep0,stress_balanced_r010_t005,random_delete_5,5,2,5,5,5,0.6,0.4,0.0,0.0,0.0,0.4,0.0,-0.041443,-0.0201,0.0,robust
stress_balanced_r010_t005_A_r3_rep0,stress_balanced_r010_t005,random_delete_5,5,3,5,5,5,0.8,0.2,0.0,0.0,0.0,0.07303581,0.0,-0.074706,-0.04018,0.0,robust
stress_balanced_r010_t005_A_r4_rep0,stress_balanced_r010_t005,random_delete_5,5,4,5,5,5,0.4,0.6,0.0,0.0,0.0,501430.71808853,1.0,0.018546,0.00046,88.2,landing_shift
stress_balanced_r010_t005_A_r5_rep0,stress_balanced_r010_t005,random_delete_5,5,5,5,5,5,0.6,0.4,0.0,0.0,0.0,455225.17090817,0.0,-0.165753,-0.03016,0.0,robust
stress_balanced_r010_t005_A_r6_rep0,stress_balanced_r010_t005,random_delete_5,5,6,5,5,5,0.4,0.6,0.0,0.0,0.0,0.48833028,0.44165141,-0.070856,-0.01,0.0,landing_shift
stress_balanced_r010_t005_A_r7_rep0,stress_balanced_r010_t005,random_delete_5,5,7,5,5,5,0.6,0.4,0.0,0.0,0.0,0.4,0.0,-0.023393,-0.03152,167.2,robust
stress_balanced_r010_t005_A_r8_rep0,stress_balanced_r010_t005,random_delete_5,5,8,5,5,5,0.4,0.6,0.0,0.0,0.0,0.36136609,0.36517903,-0.096285,-0.03994,0.0,landing_shift
stress_balanced_r010_t005_A_r9_rep0,stress_balanced_r010_t005,random_delete_5,5,9,5,5,5,0.6,0.4,0.0,0.0,0.0,455225.17090817,0.0,-0.098017,-0.0201,0.0,robust
stress_balanced_r010_t005_C_r0_rep0,stress_balanced_r010_t005,target_hub_outgoing_5,5,0,5,5,5,0.0,1.0,0.0,0.0,0.0,0.91609204,1.0,-0.149434,-0.02966,246.4,landing_shift
stress_balanced_r010_t005_D_r0_rep0,stress_balanced_r010_t005,target_largest_scc_internal_5,5,0,5,5,5,0.4,0.6,0.0,0.0,0.0,0.37666056,0.44165141,-0.016805,-0.03438,80.4,landing_shift
stress_balanced_r010_t005_B_r0_rep0,stress_balanced_r010_t005,target_strongest_5,5,0,5,5,5,0.0,1.0,0.0,0.0,0.0,1.0,1.0,-0.267636,0.0496,0.0,landing_shift
stress_balanced_r010_t007_A_r0_rep0,stress_balanced_r010_t007,random_delete_5,5,0,5,5,5,0.0,0.8,0.2,0.0,0.0,0.71085558,0.59278558,0.011012,0.018,14.2,landing_shift
stress_balanced_r010_t007_A_r1_rep0,stress_balanced_r010_t007,random_delete_5,5,1,5,5,5,0.0,0.6,0.4,0.0,0.0,0.6790743,0.61188944,0.015571,0.01896,12.4,landing_shift
stress_balanced_r010_t007_A_r2_rep0,stress_balanced_r010_t007,random_delete_5,5,2,5,5,5,0.0,0.4,0.6,0.0,0.0,0.88064893,0.65176006,-0.004843,0.07122,44.0,regime_transition
stress_balanced_r010_t007_A_r3_rep0,stress_balanced_r010_t007,random_delete_5,5,3,5,5,5,0.0,0.0,1.0,0.0,0.0,0.76712399,0.69483594,-0.039375,0.10274,65.2,regime_transition
stress_balanced_r010_t007_A_r4_rep0,stress_balanced_r010_t007,random_delete_5,5,4,5,5,5,0.0,1.0,0.0,0.0,0.0,0.7248427,0.73028593,-0.063327,-0.01272,0.0,landing_shift
stress_balanced_r010_t007_A_r5_rep0,stress_balanced_r010_t007,random_delete_5,5,5,5,5,5,0.0,0.4,0.6,0.0,0.0,0.7169801,0.73561114,0.024535,0.0468,45.4,regime_transition
stress_balanced_r010_t007_A_r6_rep0,stress_balanced_r010_t007,random_delete_5,5,6,5,5,5,0.0,0.6,0.4,0.0,0.0,1.10569782,0.76102134,-0.101824,0.0524,33.6,landing_shift
stress_balanced_r010_t007_A_r7_rep0,stress_balanced_r010_t007,random_delete_5,5,7,5,5,5,0.0,0.6,0.4,0.0,0.0,0.64305263,0.55057837,0.054305,0.06398,26.6,landing_shift
stress_balanced_r010_t007_A_r8_rep0,stress_balanced_r010_t007,random_delete_5,5,8,5,5,5,0.0,0.6,0.4,0.0,0.0,1.26698265,0.58047464,-0.036952,0.0887,35.2,landing_shift
stress_balanced_r010_t007_A_r9_rep0,stress_balanced_r010_t007,random_delete_5,5,9,5,5,5,0.0,0.4,0.6,0.0,0.0,2.10545225,1.2213427,-0.02039,0.0272,52.6,regime_transition
stress_balanced_r010_t007_C_r0_rep0,stress_balanced_r010_t007,target_hub_outgoing_5,5,0,5,5,5,0.0,0.2,0.8,0.0,0.0,0.97554713,0.52492208,-0.039375,0.03124,53.2,regime_transition
stress_balanced_r010_t007_D_r0_rep0,stress_balanced_r010_t007,target_largest_scc_internal_5,5,0,5,5,5,0.0,0.0,1.0,0.0,0.0,2.23163107,1.13390743,-0.252647,-0.00698,144.4,regime_transition
stress_balanced_r010_t007_B_r0_rep0,stress_balanced_r010_t007,target_strongest_5,5,0,5,5,5,0.0,0.0,1.0,0.0,0.0,1.31403803,1.31382376,-0.039375,0.12152,71.8,regime_transition
stress_balanced_r025_t001_A_r0_rep0,stress_balanced_r025_t001,random_delete_5,5,0,5,5,5,0.0,1.0,0.0,0.0,0.0,75.09613859,1.0,-0.009752,0.04754,0.0,landing_shift
stress_balanced_r025_t001_A_r1_rep0,stress_balanced_r025_t001,random_delete_5,5,1,5,5,5,0.0,1.0,0.0,0.0,0.0,2.18220145,0.97811143,-0.052311,-0.00988,0.0,landing_shift
stress_balanced_r025_t001_A_r2_rep0,stress_balanced_r025_t001,random_delete_5,5,2,5,5,5,0.0,1.0,0.0,0.0,0.0,0.86527042,0.99991203,-0.044961,-0.01994,0.0,landing_shift
stress_balanced_r025_t001_A_r3_rep0,stress_balanced_r025_t001,random_delete_5,5,3,5,5,5,0.0,1.0,0.0,0.0,0.0,1.49600537,0.95447971,0.02351,0.00024,0.0,landing_shift
stress_balanced_r025_t001_A_r4_rep0,stress_balanced_r025_t001,random_delete_5,5,4,5,5,5,0.0,1.0,0.0,0.0,0.0,0.99999983,1.0,-0.130852,0.16636,0.0,landing_shift
stress_balanced_r025_t001_A_r5_rep0,stress_balanced_r025_t001,random_delete_5,5,5,5,5,5,0.0,1.0,0.0,0.0,0.0,1.0,1.0,-0.036635,0.00976,0.0,landing_shift
stress_balanced_r025_t001_A_r6_rep0,stress_balanced_r025_t001,random_delete_5,5,6,5,5,5,0.0,1.0,0.0,0.0,0.0,0.97125448,1.0,-0.034154,0.04708,0.0,landing_shift
stress_balanced_r025_t001_A_r7_rep0,stress_balanced_r025_t001,random_delete_5,5,7,5,5,5,0.2,0.8,0.0,0.0,0.0,50.95453592,0.80000197,-0.019078,0.04748,0.0,landing_shift
stress_balanced_r025_t001_A_r8_rep0,stress_balanced_r025_t001,random_delete_5,5,8,5,5,5,0.0,1.0,0.0,0.0,0.0,12.60510585,1.0,-0.132555,0.0562,0.0,landing_shift
stress_balanced_r025_t001_A_r9_rep0,stress_balanced_r025_t001,random_delete_5,5,9,5,5,5,0.0,1.0,0.0,0.0,0.0,0.99974787,1.0,0.021714,0.13328,0.0,landing_shift
stress_balanced_r025_t001_C_r0_rep0,stress_balanced_r025_t001,target_hub_outgoing_5,5,0,5,5,5,1.0,0.0,0.0,0.0,0.0,0.0,0.0,0.005095,0.0,0.0,robust
stress_balanced_r025_t001_D_r0_rep0,stress_balanced_r025_t001,target_largest_scc_internal_5,5,0,5,5,5,0.0,1.0,0.0,0.0,0.0,0.99062236,1.0,-0.025881,0.05402,0.0,landing_shift
stress_balanced_r025_t001_B_r0_rep0,stress_balanced_r025_t001,target_strongest_5,5,0,5,5,5,0.0,1.0,0.0,0.0,0.0,0.05022072,0.05022072,0.039027,0.0,0.0,landing_shift
stress_repression_biased_r010_t004_A_r0_rep0,stress_repression_biased_r010_t004,random_delete_5,5,0,5,5,5,0.0,0.6,0.4,0.0,0.0,0.36935354,0.2743084,-0.003373,-0.03772,70.6,landing_shift
stress_repression_biased_r010_t004_A_r1_rep0,stress_repression_biased_r010_t004,random_delete_5,5,1,5,5,5,0.0,0.6,0.4,0.0,0.0,0.40743465,0.20071171,-0.004539,-0.00208,96.2,landing_shift
stress_repression_biased_r010_t004_A_r2_rep0,stress_repression_biased_r010_t004,random_delete_5,5,2,5,5,5,0.0,0.2,0.8,0.0,0.0,0.39901219,0.44543046,-0.00454,0.00454,0.0,regime_transition
stress_repression_biased_r010_t004_A_r3_rep0,stress_repression_biased_r010_t004,random_delete_5,5,3,5,5,5,0.0,0.6,0.4,0.0,0.0,0.30413235,0.33346535,-0.076057,-0.02804,84.8,landing_shift
stress_repression_biased_r010_t004_A_r4_rep0,stress_repression_biased_r010_t004,random_delete_5,5,4,5,5,5,0.0,0.4,0.6,0.0,0.0,0.51043555,0.51525394,0.003608,0.00852,29.8,regime_transition
stress_repression_biased_r010_t004_A_r5_rep0,stress_repression_biased_r010_t004,random_delete_5,5,5,5,5,5,0.0,0.8,0.2,0.0,0.0,0.45136752,0.3878674,-0.002301,-0.02858,11.6,landing_shift
stress_repression_biased_r010_t004_A_r6_rep0,stress_repression_biased_r010_t004,random_delete_5,5,6,5,5,5,0.0,0.2,0.8,0.0,0.0,0.58743411,0.53714343,0.036142,-0.0141,61.6,regime_transition
stress_repression_biased_r010_t004_A_r7_rep0,stress_repression_biased_r010_t004,random_delete_5,5,7,5,5,5,0.0,0.2,0.8,0.0,0.0,0.58601448,0.51175534,-0.057844,0.0236,109.2,regime_transition
stress_repression_biased_r010_t004_A_r8_rep0,stress_repression_biased_r010_t004,random_delete_5,5,8,5,5,5,0.0,0.0,1.0,0.0,0.0,0.45490034,0.47968622,0.00937,-0.03224,202.4,regime_transition
stress_repression_biased_r010_t004_A_r9_rep0,stress_repression_biased_r010_t004,random_delete_5,5,9,5,5,5,0.0,0.4,0.6,0.0,0.0,0.45296034,0.33740174,0.025169,-0.02122,9.4,regime_transition
stress_repression_biased_r010_t004_C_r0_rep0,stress_repression_biased_r010_t004,target_hub_outgoing_5,5,0,5,5,5,0.0,1.0,0.0,0.0,0.0,0.39875055,0.39868822,0.0,-0.20568,0.0,landing_shift
stress_repression_biased_r010_t004_D_r0_rep0,stress_repression_biased_r010_t004,target_largest_scc_internal_5,5,0,5,5,5,0.2,0.4,0.4,0.0,0.0,0.31971662,0.18328451,-0.027326,-0.008,50.6,landing_shift
stress_repression_biased_r010_t004_B_r0_rep0,stress_repression_biased_r010_t004,target_strongest_5,5,0,5,5,5,0.0,0.0,1.0,0.0,0.0,0.51403387,0.51419108,0.011182,-0.05096,169.0,regime_transition
