source_world_id,perturbation_id,perturbation_mode,repeat_index,state_landing_id,post_primary_regime,n_initial_conditions,basin_fraction,representative_state_vector_path,representative_state_norm,mean_pairwise_distance_within_cluster,nearest_pre_state_distance,active_zero_set_id,active_clipping_set_id,interpretation_note
baseline_balanced_r010_t000,baseline_balanced_r010_t000_A_r0_rep0,random_delete_5,0,0,Convergent,1,1.0,/home/zhanghl/projects/ddc_github/runs_lite/run_006/trajectories/baseline_balanced_r010_t000_random_delete_5_landing0_rep.pt,288.468579,0.0,0.109935,19,19,
baseline_balanced_r010_t000,baseline_balanced_r010_t000_A_r1_rep0,random_delete_5,1,0,Convergent,1,1.0,/home/zhanghl/projects/ddc_github/runs_lite/run_006/trajectories/baseline_balanced_r010_t000_random_delete_5_r1_landing0_rep.pt,280.333728,0.0,0.161459,19,19,
baseline_balanced_r010_t000,baseline_balanced_r010_t000_A_r2_rep0,random_delete_5,2,0,Convergent,1,1.0,/home/zhanghl/projects/ddc_github/runs_lite/run_006/trajectories/baseline_balanced_r010_t000_random_delete_5_r2_landing0_rep.pt,298.852022,0.0,0.109884,19,19,
baseline_balanced_r010_t000,baseline_balanced_r010_t000_A_r3_rep0,random_delete_5,3,0,Convergent,1,1.0,/home/zhanghl/projects/ddc_github/runs_lite/run_006/trajectories/baseline_balanced_r010_t000_random_delete_5_r3_landing0_rep.pt,281.489941,0.0,0.207791,,,
baseline_balanced_r010_t000,baseline_balanced_r010_t000_A_r4_rep0,random_delete_5,4,0,Convergent,1,1.0,/home/zhanghl/projects/ddc_github/runs_lite/run_006/trajectories/baseline_balanced_r010_t000_random_delete_5_r4_landing0_rep.pt,259.61309,0.0,0.217305,19,19,
baseline_balanced_r010_t000,baseline_balanced_r010_t000_A_r5_rep0,random_delete_5,5,0,Convergent,1,1.0,/home/zhanghl/projects/ddc_github/runs_lite/run_006/trajectories/baseline_balanced_r010_t000_random_delete_5_r5_landing0_rep.pt,283.229569,0.0,0.138409,,,
baseline_balanced_r010_t000,baseline_balanced_r010_t000_A_r6_rep0,random_delete_5,6,0,Convergent,1,1.0,/home/zhanghl/projects/ddc_github/runs_lite/run_006/trajectories/baseline_balanced_r010_t000_random_delete_5_r6_landing0_rep.pt,291.582235,0.0,0.113837,,,
baseline_balanced_r010_t000,baseline_balanced_r010_t000_A_r7_rep0,random_delete_5,7,0,Convergent,1,1.0,/home/zhanghl/projects/ddc_github/runs_lite/run_006/trajectories/baseline_balanced_r010_t000_random_delete_5_r7_landing0_rep.pt,262.500898,0.0,0.226855,,,
baseline_balanced_r010_t000,baseline_balanced_r010_t000_A_r8_rep0,random_delete_5,8,0,Convergent,1,1.0,/home/zhanghl/projects/ddc_github/runs_lite/run_006/trajectories/baseline_balanced_r010_t000_random_delete_5_r8_landing0_rep.pt,294.636347,0.0,0.177812,,,
baseline_balanced_r010_t000,baseline_balanced_r010_t000_A_r9_rep0,random_delete_5,9,0,Convergent,1,1.0,/home/zhanghl/projects/ddc_github/runs_lite/run_006/trajectories/baseline_balanced_r010_t000_random_delete_5_r9_landing0_rep.pt,279.98525,0.0,0.188705,19,19,
baseline_balanced_r010_t000,baseline_balanced_r010_t000_C_r0_rep0,target_hub_outgoing_5,0,0,Convergent,1,1.0,/home/zhanghl/projects/ddc_github/runs_lite/run_006/trajectories/baseline_balanced_r010_t000_target_hub_outgoing_5_landing0_rep.pt,279.374227,0.0,0.151695,,,
baseline_balanced_r010_t000,baseline_balanced_r010_t000_D_r0_rep0,target_largest_scc_internal_5,0,0,Convergent,1,1.0,/home/zhanghl/projects/ddc_github/runs_lite/run_006/trajectories/baseline_balanced_r010_t000_target_largest_scc_internal_5_landing0_rep.pt,251.329541,0.0,0.241702,19,19,
baseline_balanced_r010_t000,baseline_balanced_r010_t000_B_r0_rep0,target_strongest_5,0,0,Convergent,1,1.0,/home/zhanghl/projects/ddc_github/runs_lite/run_006/trajectories/baseline_balanced_r010_t000_target_strongest_5_landing0_rep.pt,249.332454,0.0,0.292091,,,
chen_balanced_r010_t006,chen_balanced_r010_t006_A_r0_rep0,random_delete_5,0,0,Convergent,1,1.0,/home/zhanghl/projects/ddc_github/runs_lite/run_006/trajectories/chen_balanced_r010_t006_random_delete_5_landing0_rep.pt,428.506999,0.0,0.14194,"3,9,14","3,9,14",
chen_balanced_r010_t006,chen_balanced_r010_t006_A_r1_rep0,random_delete_5,1,0,Convergent,1,1.0,/home/zhanghl/projects/ddc_github/runs_lite/run_006/trajectories/chen_balanced_r010_t006_random_delete_5_r1_landing0_rep.pt,322.45097,0.0,0.447337,"9,10,14","9,10,14",
chen_balanced_r010_t006,chen_balanced_r010_t006_A_r2_rep0,random_delete_5,2,0,Convergent,1,1.0,/home/zhanghl/projects/ddc_github/runs_lite/run_006/trajectories/chen_balanced_r010_t006_random_delete_5_r2_landing0_rep.pt,504.552854,0.0,0.450054,"7,9,14","7,9,14",
chen_balanced_r010_t006,chen_balanced_r010_t006_A_r3_rep0,random_delete_5,3,0,Convergent,1,1.0,/home/zhanghl/projects/ddc_github/runs_lite/run_006/trajectories/chen_balanced_r010_t006_random_delete_5_r3_landing0_rep.pt,389.034128,0.0,0.302492,"9,10,14","9,10,14",
chen_balanced_r010_t006,chen_balanced_r010_t006_A_r4_rep0,random_delete_5,4,0,Convergent,1,1.0,/home/zhanghl/projects/ddc_github/runs_lite/run_006/trajectories/chen_balanced_r010_t006_random_delete_5_r4_landing0_rep.pt,429.997235,0.0,0.230406,"3,7,10,14","3,7,10,14",
chen_balanced_r010_t006,chen_balanced_r010_t006_A_r5_rep0,random_delete_5,5,0,Convergent,1,1.0,/home/zhanghl/projects/ddc_github/runs_lite/run_006/trajectories/chen_balanced_r010_t006_random_delete_5_r5_landing0_rep.pt,412.276706,0.0,0.267217,"7,9,10,14","7,9,10,14",
chen_balanced_r010_t006,chen_balanced_r010_t006_A_r6_rep0,random_delete_5,6,0,Convergent,1,1.0,/home/zhanghl/projects/ddc_github/runs_lite/run_006/trajectories/chen_balanced_r010_t006_random_delete_5_r6_landing0_rep.pt,428.283226,0.0,0.273984,14,14,
chen_balanced_r010_t006,chen_balanced_r010_t006_A_r7_rep0,random_delete_5,7,0,Convergent,1,1.0,/home/zhanghl/projects/ddc_github/runs_lite/run_006/trajectories/chen_balanced_r010_t006_random_delete_5_r7_landing0_rep.pt,529.856673,0.0,0.374418,"3,7,9,14","3,7,9,14",
chen_balanced_r010_t006,chen_balanced_r010_t006_A_r8_rep0,random_delete_5,8,0,Convergent,1,1.0,/home/zhanghl/projects/ddc_github/runs_lite/run_006/trajectories/chen_balanced_r010_t006_random_delete_5_r8_landing0_rep.pt,440.800912,0.0,0.152863,"3,9,14","3,9,14",
chen_balanced_r010_t006,chen_balanced_r010_t006_A_r9_rep0,random_delete_5,9,0,Convergent,1,1.0,/home/zhanghl/projects/ddc_github/runs_lite/run_006/trajectories/chen_balanced_r010_t006_random_delete_5_r9_landing0_rep.pt,346.913292,0.0,0.357416,14,14,
chen_balanced_r010_t006,chen_balanced_r010_t006_C_r0_rep0,target_hub_outgoing_5,0,0,Convergent,1,1.0,/home/zhanghl/projects/ddc_github/runs_lite/run_006/trajectories/chen_balanced_r010_t006_target_hub_outgoing_5_landing0_rep.pt,294.853736,0.0,0.582191,"10,14","10,14",
chen_balanced_r010_t006,chen_balanced_r010_t006_D_r0_rep0,target_largest_scc_internal_5,0,0,Convergent,1,1.0,/home/zhanghl/projects/ddc_github/runs_lite/run_006/trajectories/chen_balanced_r010_t006_target_largest_scc_internal_5_landing0_rep.pt,380.624812,0.0,0.324025,"10,14","10,14",
chen_balanced_r010_t006,chen_balanced_r010_t006_B_r0_rep0,target_strongest_5,0,0,Convergent,1,1.0,/home/zhanghl/projects/ddc_github/runs_lite/run_006/trajectories/chen_balanced_r010_t006_target_strongest_5_landing0_rep.pt,351.43507,0.0,0.475495,"10,14","10,14",
chen_balanced_r025_t000,chen_balanced_r025_t000_A_r0_rep1,random_delete_5,0,0,Convergent,1,0.25,/home/zhanghl/projects/ddc_github/runs_lite/run_006/trajectories/chen_balanced_r025_t000_random_delete_5_landing0_rep.pt,420.734703,0.0,0.335937,"1,2,5,6,7,8,16","1,2,5,6,7,8,16",
chen_balanced_r025_t000,chen_balanced_r025_t000_A_r0_rep3,random_delete_5,0,1,Convergent,1,0.25,/home/zhanghl/projects/ddc_github/runs_lite/run_006/trajectories/chen_balanced_r025_t000_random_delete_5_landing1_rep.pt,336.610413,0.0,0.312107,"2,4,6,7,16","2,4,6,7,16",
chen_balanced_r025_t000,chen_balanced_r025_t000_A_r0_rep0,random_delete_5,0,2,Convergent,1,0.25,/home/zhanghl/projects/ddc_github/runs_lite/run_006/trajectories/chen_balanced_r025_t000_random_delete_5_landing2_rep.pt,334.217468,0.0,0.834193,"7,10,11,12,14,16,18","7,10,11,12,14,16,18",
chen_balanced_r025_t000,chen_balanced_r025_t000_A_r0_rep2,random_delete_5,0,3,Convergent,1,0.25,/home/zhanghl/projects/ddc_github/runs_lite/run_006/trajectories/chen_balanced_r025_t000_random_delete_5_landing3_rep.pt,369.405594,0.0,0.588853,"6,7,12,14,16","6,7,12,14,16",
chen_balanced_r025_t000,chen_balanced_r025_t000_A_r1_rep2,random_delete_5,1,0,Convergent,1,0.5,/home/zhanghl/projects/ddc_github/runs_lite/run_006/trajectories/chen_balanced_r025_t000_random_delete_5_r1_landing0_rep.pt,396.363085,0.0,0.879617,"6,7,8,9,11,12,16,17,18","6,7,8,9,11,12,16,17,18",
chen_balanced_r025_t000,chen_balanced_r025_t000_A_r1_rep3,random_delete_5,1,1,Convergent,1,0.5,/home/zhanghl/projects/ddc_github/runs_lite/run_006/trajectories/chen_balanced_r025_t000_random_delete_5_r1_landing1_rep.pt,603.037816,0.0,0.624644,"2,4,5,6,8,9,16","2,4,5,6,8,9,16",
chen_balanced_r025_t000,chen_balanced_r025_t000_A_r3_rep0,random_delete_5,3,0,Convergent,1,0.25,/home/zhanghl/projects/ddc_github/runs_lite/run_006/trajectories/chen_balanced_r025_t000_random_delete_5_r3_landing0_rep.pt,265.584734,0.0,0.393155,"2,4,6,7,16","2,4,6,7,16",
chen_balanced_r025_t000,chen_balanced_r025_t000_A_r3_rep2,random_delete_5,3,1,Convergent,1,0.25,/home/zhanghl/projects/ddc_github/runs_lite/run_006/trajectories/chen_balanced_r025_t000_random_delete_5_r3_landing1_rep.pt,322.851188,0.0,0.623881,"6,7,8,12,14,16","6,7,8,12,14,16",
chen_balanced_r025_t000,chen_balanced_r025_t000_A_r3_rep3,random_delete_5,3,2,Convergent,1,0.25,/home/zhanghl/projects/ddc_github/runs_lite/run_006/trajectories/chen_balanced_r025_t000_random_delete_5_r3_landing2_rep.pt,525.257275,0.0,0.953984,"2,10,12,14,16,18","2,10,12,14,16,18",
chen_balanced_r025_t000,chen_balanced_r025_t000_A_r3_rep4,random_delete_5,3,3,Convergent,1,0.25,/home/zhanghl/projects/ddc_github/runs_lite/run_006/trajectories/chen_balanced_r025_t000_random_delete_5_r3_landing3_rep.pt,677.082955,0.0,1.435972,"7,10,12,14,16,18","7,10,12,14,16,18",
chen_balanced_r025_t000,chen_balanced_r025_t000_A_r4_rep2,random_delete_5,4,0,Convergent,1,0.2,/home/zhanghl/projects/ddc_github/runs_lite/run_006/trajectories/chen_balanced_r025_t000_random_delete_5_r4_landing0_rep.pt,548.167417,0.0,0.964722,"6,7,8,11,12,14,16,18","6,7,8,11,12,14,16,18",
chen_balanced_r025_t000,chen_balanced_r025_t000_A_r4_rep4,random_delete_5,4,1,Convergent,1,0.2,/home/zhanghl/projects/ddc_github/runs_lite/run_006/trajectories/chen_balanced_r025_t000_random_delete_5_r4_landing1_rep.pt,310.841748,0.0,0.566818,"6,7,12,14,16","6,7,12,14,16",
chen_balanced_r025_t000,chen_balanced_r025_t000_A_r4_rep0,random_delete_5,4,2,Convergent,1,0.2,/home/zhanghl/projects/ddc_github/runs_lite/run_006/trajectories/chen_balanced_r025_t000_random_delete_5_r4_landing2_rep.pt,461.173238,0.0,0.859161,"7,10,11,12,14,16","7,10,11,12,14,16",
chen_balanced_r025_t000,chen_balanced_r025_t000_A_r4_rep1,random_delete_5,4,3,Convergent,1,0.2,/home/zhanghl/projects/ddc_github/runs_lite/run_006/trajectories/chen_balanced_r025_t000_random_delete_5_r4_landing3_rep.pt,515.003687,0.0,0.470024,"2,6,7,14,16","2,6,7,14,16",
chen_balanced_r025_t000,chen_balanced_r025_t000_A_r4_rep3,random_delete_5,4,4,Convergent,1,0.2,/home/zhanghl/projects/ddc_github/runs_lite/run_006/trajectories/chen_balanced_r025_t000_random_delete_5_r4_landing4_rep.pt,1390.151723,0.0,2.499973,"1,2,3,4,6,7,8,16","1,2,3,4,6,7,8,16",
chen_balanced_r025_t000,chen_balanced_r025_t000_A_r5_rep0,random_delete_5,5,0,Convergent,1,1.0,/home/zhanghl/projects/ddc_github/runs_lite/run_006/trajectories/chen_balanced_r025_t000_random_delete_5_r5_landing0_rep.pt,846.858845,0.0,1.182487,"1,2,6,7,14,16","1,2,6,7,14,16",
chen_balanced_r025_t000,chen_balanced_r025_t000_A_r6_rep0,random_delete_5,6,0,Convergent,1,0.5,/home/zhanghl/projects/ddc_github/runs_lite/run_006/trajectories/chen_balanced_r025_t000_random_delete_5_r6_landing0_rep.pt,345.698825,0.0,0.3891,"2,3,6,7,9,16","2,3,6,7,9,16",
chen_balanced_r025_t000,chen_balanced_r025_t000_A_r6_rep3,random_delete_5,6,1,Convergent,1,0.5,/home/zhanghl/projects/ddc_github/runs_lite/run_006/trajectories/chen_balanced_r025_t000_random_delete_5_r6_landing1_rep.pt,563.88978,0.0,1.244292,"6,7,8,9,11,12,16,17,18","6,7,8,9,11,12,16,17,18",
chen_balanced_r025_t000,chen_balanced_r025_t000_A_r7_rep0,random_delete_5,7,0,Convergent,1,1.0,/home/zhanghl/projects/ddc_github/runs_lite/run_006/trajectories/chen_balanced_r025_t000_random_delete_5_r7_landing0_rep.pt,318.294141,0.0,0.286427,"4,6,7,8,16","4,6,7,8,16",
chen_balanced_r025_t000,chen_balanced_r025_t000_A_r8_rep2,random_delete_5,8,0,Convergent,1,1.0,/home/zhanghl/projects/ddc_github/runs_lite/run_006/trajectories/chen_balanced_r025_t000_random_delete_5_r8_landing0_rep.pt,282.17494,0.0,0.711517,"2,4,10,16","2,4,10,16",
chen_balanced_r025_t000,chen_balanced_r025_t000_A_r9_rep1,random_delete_5,9,0,Convergent,1,0.25,/home/zhanghl/projects/ddc_github/runs_lite/run_006/trajectories/chen_balanced_r025_t000_random_delete_5_r9_landing0_rep.pt,770.110996,0.0,1.506742,"2,10,12,14,15,16,18","2,10,12,14,15,16,18",
chen_balanced_r025_t000,chen_balanced_r025_t000_A_r9_rep4,random_delete_5,9,1,Convergent,1,0.25,/home/zhanghl/projects/ddc_github/runs_lite/run_006/trajectories/chen_balanced_r025_t000_random_delete_5_r9_landing1_rep.pt,658.357845,0.0,1.248857,"2,10,12,14,16,18","2,10,12,14,16,18",
chen_balanced_r025_t000,chen_balanced_r025_t000_A_r9_rep0,random_delete_5,9,2,Convergent,1,0.25,/home/zhanghl/projects/ddc_github/runs_lite/run_006/trajectories/chen_balanced_r025_t000_random_delete_5_r9_landing2_rep.pt,454.250532,0.0,0.783088,"2,7,10,14,16","2,7,10,14,16",
chen_balanced_r025_t000,chen_balanced_r025_t000_A_r9_rep3,random_delete_5,9,3,Convergent,1,0.25,/home/zhanghl/projects/ddc_github/runs_lite/run_006/trajectories/chen_balanced_r025_t000_random_delete_5_r9_landing3_rep.pt,428.212749,0.0,0.743755,"6,7,12,14,16","6,7,12,14,16",
chen_balanced_r025_t000,chen_balanced_r025_t000_C_r0_rep3,target_hub_outgoing_5,0,0,Convergent,2,0.4,/home/zhanghl/projects/ddc_github/runs_lite/run_006/trajectories/chen_balanced_r025_t000_target_hub_outgoing_5_landing0_rep.pt,444.161961,0.000391,0.954942,"6,7,8,11,12,16,17,18","6,7,8,11,12,16,17,18",
chen_balanced_r025_t000,chen_balanced_r025_t000_C_r0_rep1,target_hub_outgoing_5,0,1,Convergent,1,0.2,/home/zhanghl/projects/ddc_github/runs_lite/run_006/trajectories/chen_balanced_r025_t000_target_hub_outgoing_5_landing1_rep.pt,419.999038,0.0,0.835261,"6,7,11,12,14,16,18","6,7,11,12,14,16,18",
chen_balanced_r025_t000,chen_balanced_r025_t000_C_r0_rep4,target_hub_outgoing_5,0,2,Convergent,1,0.2,/home/zhanghl/projects/ddc_github/runs_lite/run_006/trajectories/chen_balanced_r025_t000_target_hub_outgoing_5_landing2_rep.pt,551.184883,0.0,1.038071,"6,7,11,12,14,16,17,18","6,7,11,12,14,16,17,18",
chen_balanced_r025_t000,chen_balanced_r025_t000_C_r0_rep2,target_hub_outgoing_5,0,3,Convergent,1,0.2,/home/zhanghl/projects/ddc_github/runs_lite/run_006/trajectories/chen_balanced_r025_t000_target_hub_outgoing_5_landing3_rep.pt,399.624158,0.0,0.816983,"7,10,11,12,14,16","7,10,11,12,14,16",
chen_balanced_r025_t000,chen_balanced_r025_t000_D_r0_rep1,target_largest_scc_internal_5,0,0,Convergent,1,0.25,/home/zhanghl/projects/ddc_github/runs_lite/run_006/trajectories/chen_balanced_r025_t000_target_largest_scc_internal_5_landing0_rep.pt,676.620802,0.0,0.877094,"2,4,6,7,8,16","2,4,6,7,8,16",
chen_balanced_r025_t000,chen_balanced_r025_t000_D_r0_rep3,target_largest_scc_internal_5,0,1,Convergent,1,0.25,/home/zhanghl/projects/ddc_github/runs_lite/run_006/trajectories/chen_balanced_r025_t000_target_largest_scc_internal_5_landing1_rep.pt,462.165617,0.0,0.338273,"2,4,6,7,8,9,16","2,4,6,7,8,9,16",
chen_balanced_r025_t000,chen_balanced_r025_t000_D_r0_rep2,target_largest_scc_internal_5,0,2,Convergent,1,0.25,/home/zhanghl/projects/ddc_github/runs_lite/run_006/trajectories/chen_balanced_r025_t000_target_largest_scc_internal_5_landing2_rep.pt,835.374295,0.0,1.22322,"1,2,5,6,7,8,16","1,2,5,6,7,8,16",
chen_balanced_r025_t000,chen_balanced_r025_t000_D_r0_rep0,target_largest_scc_internal_5,0,3,Convergent,1,0.25,/home/zhanghl/projects/ddc_github/runs_lite/run_006/trajectories/chen_balanced_r025_t000_target_largest_scc_internal_5_landing3_rep.pt,391.857201,0.0,0.623465,"6,7,8,12,14,16","6,7,8,12,14,16",
chen_balanced_r025_t005,chen_balanced_r025_t005_A_r0_rep0,random_delete_5,0,0,Convergent,1,1.0,/home/zhanghl/projects/ddc_github/runs_lite/run_006/trajectories/chen_balanced_r025_t005_random_delete_5_landing0_rep.pt,1202.296562,0.0,0.203314,"4,5,9,10,12,18,19","4,5,9,10,12,18,19",
chen_balanced_r025_t005,chen_balanced_r025_t005_A_r1_rep0,random_delete_5,1,0,Convergent,1,1.0,/home/zhanghl/projects/ddc_github/runs_lite/run_006/trajectories/chen_balanced_r025_t005_random_delete_5_r1_landing0_rep.pt,1495.688043,0.0,0.159005,"1,4,5,9,10,12,16,18,19","1,4,5,9,10,12,16,18,19",
chen_balanced_r025_t005,chen_balanced_r025_t005_A_r2_rep0,random_delete_5,2,0,Convergent,1,1.0,/home/zhanghl/projects/ddc_github/runs_lite/run_006/trajectories/chen_balanced_r025_t005_random_delete_5_r2_landing0_rep.pt,1522.190161,0.0,0.095519,"1,4,5,9,10,12,18,19","1,4,5,9,10,12,18,19",
chen_balanced_r025_t005,chen_balanced_r025_t005_A_r4_rep0,random_delete_5,4,0,Convergent,1,1.0,/home/zhanghl/projects/ddc_github/runs_lite/run_006/trajectories/chen_balanced_r025_t005_random_delete_5_r4_landing0_rep.pt,1407.696341,0.0,0.004367,"4,5,9,10,12,18,19","4,5,9,10,12,18,19",
chen_balanced_r025_t005,chen_balanced_r025_t005_A_r5_rep0,random_delete_5,5,0,Convergent,1,1.0,/home/zhanghl/projects/ddc_github/runs_lite/run_006/trajectories/chen_balanced_r025_t005_random_delete_5_r5_landing0_rep.pt,467.329054,0.0,0.738304,"3,4,5,9,10,12,18","3,4,5,9,10,12,18",
chen_balanced_r025_t005,chen_balanced_r025_t005_A_r6_rep0,random_delete_5,6,0,Convergent,1,1.0,/home/zhanghl/projects/ddc_github/runs_lite/run_006/trajectories/chen_balanced_r025_t005_random_delete_5_r6_landing0_rep.pt,1320.68616,0.0,0.068227,"1,4,5,9,10,12,18,19","1,4,5,9,10,12,18,19",
chen_balanced_r025_t005,chen_balanced_r025_t005_A_r8_rep0,random_delete_5,8,0,Convergent,1,1.0,/home/zhanghl/projects/ddc_github/runs_lite/run_006/trajectories/chen_balanced_r025_t005_random_delete_5_r8_landing0_rep.pt,1078.592734,0.0,0.265388,"4,5,9,10,12,18,19","4,5,9,10,12,18,19",
chen_balanced_r025_t005,chen_balanced_r025_t005_A_r9_rep0,random_delete_5,9,0,Convergent,1,1.0,/home/zhanghl/projects/ddc_github/runs_lite/run_006/trajectories/chen_balanced_r025_t005_random_delete_5_r9_landing0_rep.pt,1393.062103,0.0,0.037256,"4,9,10,12,18,19","4,9,10,12,18,19",
chen_balanced_r025_t005,chen_balanced_r025_t005_D_r0_rep0,target_largest_scc_internal_5,0,0,Convergent,1,1.0,/home/zhanghl/projects/ddc_github/runs_lite/run_006/trajectories/chen_balanced_r025_t005_target_largest_scc_internal_5_landing0_rep.pt,805.254175,0.0,0.438389,"4,5,9,10,12,18,19","4,5,9,10,12,18,19",
chen_balanced_r025_t005,chen_balanced_r025_t005_B_r0_rep0,target_strongest_5,0,0,Convergent,1,1.0,/home/zhanghl/projects/ddc_github/runs_lite/run_006/trajectories/chen_balanced_r025_t005_target_strongest_5_landing0_rep.pt,363.93132,0.0,0.794244,"4,5,10,12,18","4,5,10,12,18",
chen_repression_biased_r025_t001,chen_repression_biased_r025_t001_A_r0_rep0,random_delete_5,0,0,Convergent,1,1.0,/home/zhanghl/projects/ddc_github/runs_lite/run_006/trajectories/chen_repression_biased_r025_t001_random_delete_5_landing0_rep.pt,179.046408,0.0,0.361329,"1,2,6,7,12,13,15,18,19","1,2,6,7,12,13,15,18,19",
chen_repression_biased_r025_t001,chen_repression_biased_r025_t001_A_r1_rep0,random_delete_5,1,0,Convergent,1,1.0,/home/zhanghl/projects/ddc_github/runs_lite/run_006/trajectories/chen_repression_biased_r025_t001_random_delete_5_r1_landing0_rep.pt,213.701086,0.0,2.7e-05,"1,2,7,12,13,15,17,19","1,2,7,12,13,15,17,19",
chen_repression_biased_r025_t001,chen_repression_biased_r025_t001_A_r2_rep0,random_delete_5,2,0,Convergent,1,1.0,/home/zhanghl/projects/ddc_github/runs_lite/run_006/trajectories/chen_repression_biased_r025_t001_random_delete_5_r2_landing0_rep.pt,173.993674,0.0,0.464096,"1,2,6,10,12,13,15,18,19","1,2,6,9,10,12,13,15,18,19",
chen_repression_biased_r025_t001,chen_repression_biased_r025_t001_A_r3_rep0,random_delete_5,3,0,Convergent,1,1.0,/home/zhanghl/projects/ddc_github/runs_lite/run_006/trajectories/chen_repression_biased_r025_t001_random_delete_5_r3_landing0_rep.pt,247.916237,0.0,0.409814,"1,7,12,13,15,17,19","1,7,12,13,15,17,19",
chen_repression_biased_r025_t001,chen_repression_biased_r025_t001_A_r4_rep0,random_delete_5,4,0,Convergent,1,1.0,/home/zhanghl/projects/ddc_github/runs_lite/run_006/trajectories/chen_repression_biased_r025_t001_random_delete_5_r4_landing0_rep.pt,253.473178,0.0,0.264549,"1,2,6,7,12,13,15,17,19","1,2,6,7,12,13,15,17,19",
chen_repression_biased_r025_t001,chen_repression_biased_r025_t001_A_r5_rep0,random_delete_5,5,0,Convergent,1,1.0,/home/zhanghl/projects/ddc_github/runs_lite/run_006/trajectories/chen_repression_biased_r025_t001_random_delete_5_r5_landing0_rep.pt,335.140042,0.0,0.756296,"1,2,6,7,9,12,13,15,17,18,19","1,2,6,7,9,12,13,15,17,18,19",
chen_repression_biased_r025_t001,chen_repression_biased_r025_t001_A_r6_rep0,random_delete_5,6,0,Convergent,1,1.0,/home/zhanghl/projects/ddc_github/runs_lite/run_006/trajectories/chen_repression_biased_r025_t001_random_delete_5_r6_landing0_rep.pt,223.545978,0.0,0.373651,"1,2,7,8,12,13,15,17,19","1,2,7,8,12,13,15,17,19",
chen_repression_biased_r025_t001,chen_repression_biased_r025_t001_A_r7_rep0,random_delete_5,7,0,Convergent,1,1.0,/home/zhanghl/projects/ddc_github/runs_lite/run_006/trajectories/chen_repression_biased_r025_t001_random_delete_5_r7_landing0_rep.pt,213.601971,0.0,0.020395,"1,2,7,12,13,15,17","1,2,7,12,13,15,17",
chen_repression_biased_r025_t001,chen_repression_biased_r025_t001_A_r8_rep0,random_delete_5,8,0,Convergent,1,1.0,/home/zhanghl/projects/ddc_github/runs_lite/run_006/trajectories/chen_repression_biased_r025_t001_random_delete_5_r8_landing0_rep.pt,216.741271,0.0,0.269892,"1,2,7,12,13,15,17,18,19","1,2,7,12,13,15,17,18,19",
chen_repression_biased_r025_t001,chen_repression_biased_r025_t001_A_r9_rep0,random_delete_5,9,0,Convergent,1,1.0,/home/zhanghl/projects/ddc_github/runs_lite/run_006/trajectories/chen_repression_biased_r025_t001_random_delete_5_r9_landing0_rep.pt,202.987771,0.0,0.276756,"1,2,7,12,13,15,17,19","1,2,7,12,13,15,17,19",
chen_repression_biased_r025_t001,chen_repression_biased_r025_t001_C_r0_rep0,target_hub_outgoing_5,0,0,Convergent,1,1.0,/home/zhanghl/projects/ddc_github/runs_lite/run_006/trajectories/chen_repression_biased_r025_t001_target_hub_outgoing_5_landing0_rep.pt,185.217748,0.0,0.376014,"1,2,6,7,8,9,13,15,17,19","1,2,6,7,8,9,13,15,17,19",
chen_repression_biased_r025_t001,chen_repression_biased_r025_t001_D_r0_rep0,target_largest_scc_internal_5,0,0,Convergent,1,1.0,/home/zhanghl/projects/ddc_github/runs_lite/run_006/trajectories/chen_repression_biased_r025_t001_target_largest_scc_internal_5_landing0_rep.pt,207.100312,0.0,0.274802,"1,2,7,12,13,15,17,18,19","1,2,7,12,13,15,17,18,19",
chen_repression_biased_r025_t001,chen_repression_biased_r025_t001_B_r0_rep0,target_strongest_5,0,0,Convergent,1,1.0,/home/zhanghl/projects/ddc_github/runs_lite/run_006/trajectories/chen_repression_biased_r025_t001_target_strongest_5_landing0_rep.pt,247.330503,0.0,0.290826,"1,2,6,7,12,13,15,17,19","1,2,6,7,12,13,15,17,19",
chen_repression_biased_r025_t007,chen_repression_biased_r025_t007_A_r0_rep0,random_delete_5,0,0,Convergent,1,0.5,/home/zhanghl/projects/ddc_github/runs_lite/run_006/trajectories/chen_repression_biased_r025_t007_random_delete_5_landing0_rep.pt,217.583334,0.0,0.725171,"8,9,11,12,13,15,16,17","8,9,11,12,13,15,16,17",
chen_repression_biased_r025_t007,chen_repression_biased_r025_t007_A_r0_rep1,random_delete_5,0,1,Convergent,1,0.5,/home/zhanghl/projects/ddc_github/runs_lite/run_006/trajectories/chen_repression_biased_r025_t007_random_delete_5_landing1_rep.pt,346.257038,0.0,7.4e-05,"1,3,6,7,8,10,12,14,15,16","1,3,6,7,8,10,12,14,15,16",
chen_repression_biased_r025_t007,chen_repression_biased_r025_t007_A_r1_rep0,random_delete_5,1,0,Convergent,1,0.5,/home/zhanghl/projects/ddc_github/runs_lite/run_006/trajectories/chen_repression_biased_r025_t007_random_delete_5_r1_landing0_rep.pt,251.22803,0.0,0.2514,"3,5,8,9,11,12,13,14,15,17,19","3,5,8,9,11,12,13,14,15,17,19",
chen_repression_biased_r025_t007,chen_repression_biased_r025_t007_A_r1_rep1,random_delete_5,1,1,Convergent,1,0.5,/home/zhanghl/projects/ddc_github/runs_lite/run_006/trajectories/chen_repression_biased_r025_t007_random_delete_5_r1_landing1_rep.pt,290.232608,0.0,0.29537,"1,3,6,7,8,10,12,15,16","1,3,6,7,8,10,12,15,16",
chen_repression_biased_r025_t007,chen_repression_biased_r025_t007_A_r2_rep0,random_delete_5,2,0,Convergent,1,0.5,/home/zhanghl/projects/ddc_github/runs_lite/run_006/trajectories/chen_repression_biased_r025_t007_random_delete_5_r2_landing0_rep.pt,170.861401,0.0,0.658144,"3,8,9,10,11,12,16,17","3,8,9,10,11,12,16,17",
chen_repression_biased_r025_t007,chen_repression_biased_r025_t007_A_r2_rep1,random_delete_5,2,1,Convergent,1,0.5,/home/zhanghl/projects/ddc_github/runs_lite/run_006/trajectories/chen_repression_biased_r025_t007_random_delete_5_r2_landing1_rep.pt,473.095345,0.0,0.431357,"1,3,6,7,8,10,12,14,15,16","1,3,6,7,8,10,12,14,15,16",
chen_repression_biased_r025_t007,chen_repression_biased_r025_t007_A_r3_rep0,random_delete_5,3,0,Convergent,1,0.5,/home/zhanghl/projects/ddc_github/runs_lite/run_006/trajectories/chen_repression_biased_r025_t007_random_delete_5_r3_landing0_rep.pt,222.949704,0.0,0.704987,"8,9,11,12,15,16,17","8,9,11,12,15,16,17",
chen_repression_biased_r025_t007,chen_repression_biased_r025_t007_A_r3_rep1,random_delete_5,3,1,Convergent,1,0.5,/home/zhanghl/projects/ddc_github/runs_lite/run_006/trajectories/chen_repression_biased_r025_t007_random_delete_5_r3_landing1_rep.pt,426.133608,0.0,0.43471,"3,6,7,10,11,12,15,16","3,6,7,10,11,12,15,16",
chen_repression_biased_r025_t007,chen_repression_biased_r025_t007_A_r4_rep0,random_delete_5,4,0,Convergent,1,0.5,/home/zhanghl/projects/ddc_github/runs_lite/run_006/trajectories/chen_repression_biased_r025_t007_random_delete_5_r4_landing0_rep.pt,177.343737,0.0,0.234246,"3,5,8,9,11,12,15,16,19","3,5,8,9,11,12,15,16,19",
chen_repression_biased_r025_t007,chen_repression_biased_r025_t007_A_r4_rep1,random_delete_5,4,1,Convergent,1,0.5,/home/zhanghl/projects/ddc_github/runs_lite/run_006/trajectories/chen_repression_biased_r025_t007_random_delete_5_r4_landing1_rep.pt,349.84774,0.0,0.144397,"1,3,6,7,8,10,12,15,16","1,3,6,7,8,10,12,15,16",
chen_repression_biased_r025_t007,chen_repression_biased_r025_t007_A_r5_rep0,random_delete_5,5,0,Convergent,1,0.5,/home/zhanghl/projects/ddc_github/runs_lite/run_006/trajectories/chen_repression_biased_r025_t007_random_delete_5_r5_landing0_rep.pt,237.903285,0.0,0.203655,"3,5,8,9,12,14,15,16,17,19","3,5,8,9,12,14,15,16,17,19",
chen_repression_biased_r025_t007,chen_repression_biased_r025_t007_A_r5_rep1,random_delete_5,5,1,Convergent,1,0.5,/home/zhanghl/projects/ddc_github/runs_lite/run_006/trajectories/chen_repression_biased_r025_t007_random_delete_5_r5_landing1_rep.pt,235.36819,0.0,0.92118,"5,8,9,11,12,15,16,17,19","5,8,9,11,12,15,16,17,19",
chen_repression_biased_r025_t007,chen_repression_biased_r025_t007_A_r6_rep0,random_delete_5,6,0,Convergent,1,0.5,/home/zhanghl/projects/ddc_github/runs_lite/run_006/trajectories/chen_repression_biased_r025_t007_random_delete_5_r6_landing0_rep.pt,224.221891,0.0,0.078741,"3,5,9,11,12,14,15,16,17,19","3,5,9,11,12,14,15,16,17,19",
chen_repression_biased_r025_t007,chen_repression_biased_r025_t007_A_r6_rep1,random_delete_5,6,1,Convergent,1,0.5,/home/zhanghl/projects/ddc_github/runs_lite/run_006/trajectories/chen_repression_biased_r025_t007_random_delete_5_r6_landing1_rep.pt,529.067017,0.0,0.938538,"3,5,6,7,8,10,11,12,15,16","3,5,6,7,8,10,11,12,15,16",
chen_repression_biased_r025_t007,chen_repression_biased_r025_t007_A_r7_rep0,random_delete_5,7,0,Convergent,1,0.5,/home/zhanghl/projects/ddc_github/runs_lite/run_006/trajectories/chen_repression_biased_r025_t007_random_delete_5_r7_landing0_rep.pt,207.482733,0.0,0.584749,"3,8,11,12,15,16,17","3,8,11,12,15,16,17",
chen_repression_biased_r025_t007,chen_repression_biased_r025_t007_A_r7_rep1,random_delete_5,7,1,Convergent,1,0.5,/home/zhanghl/projects/ddc_github/runs_lite/run_006/trajectories/chen_repression_biased_r025_t007_random_delete_5_r7_landing1_rep.pt,228.445645,0.0,0.419869,"1,3,7,10,11,12,14,15,16","1,3,7,10,11,12,14,15,16",
chen_repression_biased_r025_t007,chen_repression_biased_r025_t007_A_r8_rep0,random_delete_5,8,0,Convergent,1,0.5,/home/zhanghl/projects/ddc_github/runs_lite/run_006/trajectories/chen_repression_biased_r025_t007_random_delete_5_r8_landing0_rep.pt,178.320736,0.0,0.222721,"3,5,8,9,11,12,14,15,16,19","3,5,8,9,11,12,14,15,16,19",
chen_repression_biased_r025_t007,chen_repression_biased_r025_t007_A_r8_rep1,random_delete_5,8,1,Convergent,1,0.5,/home/zhanghl/projects/ddc_github/runs_lite/run_006/trajectories/chen_repression_biased_r025_t007_random_delete_5_r8_landing1_rep.pt,468.67452,0.0,0.487929,"1,3,5,6,7,8,10,12,15,16","1,3,5,6,7,8,10,12,15,16",
chen_repression_biased_r025_t007,chen_repression_biased_r025_t007_A_r9_rep0,random_delete_5,9,0,Convergent,1,0.5,/home/zhanghl/projects/ddc_github/runs_lite/run_006/trajectories/chen_repression_biased_r025_t007_random_delete_5_r9_landing0_rep.pt,217.969329,0.0,0.298049,"3,8,9,11,12,15,16,17","3,8,9,11,12,15,16,17",
chen_repression_biased_r025_t007,chen_repression_biased_r025_t007_A_r9_rep1,random_delete_5,9,1,Convergent,1,0.5,/home/zhanghl/projects/ddc_github/runs_lite/run_006/trajectories/chen_repression_biased_r025_t007_random_delete_5_r9_landing1_rep.pt,382.935528,0.0,0.229964,"1,3,6,7,8,10,12,16","1,3,6,7,8,10,12,16",
chen_repression_biased_r025_t007,chen_repression_biased_r025_t007_C_r0_rep0,target_hub_outgoing_5,0,0,Convergent,1,0.5,/home/zhanghl/projects/ddc_github/runs_lite/run_006/trajectories/chen_repression_biased_r025_t007_target_hub_outgoing_5_landing0_rep.pt,210.678812,0.0,8.3e-05,"3,8,9,11,12,15,16,17,19","3,8,9,11,12,15,16,17,19",
chen_repression_biased_r025_t007,chen_repression_biased_r025_t007_C_r0_rep1,target_hub_outgoing_5,0,1,Convergent,1,0.5,/home/zhanghl/projects/ddc_github/runs_lite/run_006/trajectories/chen_repression_biased_r025_t007_target_hub_outgoing_5_landing1_rep.pt,346.257038,0.0,7.4e-05,"1,3,6,7,8,10,12,14,15,16","1,3,6,7,8,10,12,14,15,16",
chen_repression_biased_r025_t007,chen_repression_biased_r025_t007_D_r0_rep0,target_largest_scc_internal_5,0,0,Convergent,1,0.5,/home/zhanghl/projects/ddc_github/runs_lite/run_006/trajectories/chen_repression_biased_r025_t007_target_largest_scc_internal_5_landing0_rep.pt,209.998689,0.0,0.009558,"3,8,9,11,12,15,16,17,19","3,8,9,11,12,15,16,17,19",
chen_repression_biased_r025_t007,chen_repression_biased_r025_t007_D_r0_rep1,target_largest_scc_internal_5,0,1,Convergent,1,0.5,/home/zhanghl/projects/ddc_github/runs_lite/run_006/trajectories/chen_repression_biased_r025_t007_target_largest_scc_internal_5_landing1_rep.pt,349.026025,0.0,0.012111,"1,3,6,7,8,10,12,14,15,16","1,3,6,7,8,10,12,14,15,16",
chen_repression_biased_r025_t007,chen_repression_biased_r025_t007_B_r0_rep0,target_strongest_5,0,0,Convergent,1,0.5,/home/zhanghl/projects/ddc_github/runs_lite/run_006/trajectories/chen_repression_biased_r025_t007_target_strongest_5_landing0_rep.pt,190.316364,0.0,0.250007,"3,5,8,9,11,12,15,16,19","3,5,8,9,11,12,15,16,19",
chen_repression_biased_r025_t007,chen_repression_biased_r025_t007_B_r0_rep1,target_strongest_5,0,1,Convergent,1,0.5,/home/zhanghl/projects/ddc_github/runs_lite/run_006/trajectories/chen_repression_biased_r025_t007_target_strongest_5_landing1_rep.pt,497.962076,0.0,0.68088,"3,5,6,7,8,10,11,12,14,15,16","3,5,6,7,8,10,11,12,14,15,16",
stress_balanced_r010_t001,stress_balanced_r010_t001_A_r0_rep1,random_delete_5,0,0,Convergent,1,1.0,/home/zhanghl/projects/ddc_github/runs_lite/run_006/trajectories/stress_balanced_r010_t001_random_delete_5_landing0_rep.pt,489.404542,0.0,0.577804,"0,1,6,18","0,1,6,18",
stress_balanced_r010_t001,stress_balanced_r010_t001_A_r2_rep1,random_delete_5,2,0,Convergent,1,1.0,/home/zhanghl/projects/ddc_github/runs_lite/run_006/trajectories/stress_balanced_r010_t001_random_delete_5_r2_landing0_rep.pt,470.38461,0.0,0.113313,"0,1,4,6,18","0,1,4,6,18",
stress_balanced_r010_t001,stress_balanced_r010_t001_A_r3_rep1,random_delete_5,3,0,Convergent,1,1.0,/home/zhanghl/projects/ddc_github/runs_lite/run_006/trajectories/stress_balanced_r010_t001_random_delete_5_r3_landing0_rep.pt,547.327237,0.0,0.417171,"0,1,4,6,14,18","0,1,4,6,14,18",
stress_balanced_r010_t001,stress_balanced_r010_t001_A_r4_rep1,random_delete_5,4,0,Convergent,1,1.0,/home/zhanghl/projects/ddc_github/runs_lite/run_006/trajectories/stress_balanced_r010_t001_random_delete_5_r4_landing0_rep.pt,438.287753,0.0,0.380033,"0,1,6,11,18","0,1,6,11,18",
stress_balanced_r010_t001,stress_balanced_r010_t001_A_r5_rep1,random_delete_5,5,0,Convergent,1,1.0,/home/zhanghl/projects/ddc_github/runs_lite/run_006/trajectories/stress_balanced_r010_t001_random_delete_5_r5_landing0_rep.pt,395.59033,0.0,0.239422,"0,1,4,6,18","0,1,4,6,18",
stress_balanced_r010_t001,stress_balanced_r010_t001_A_r6_rep1,random_delete_5,6,0,Convergent,1,1.0,/home/zhanghl/projects/ddc_github/runs_lite/run_006/trajectories/stress_balanced_r010_t001_random_delete_5_r6_landing0_rep.pt,469.953904,0.0,0.685419,"0,1,8,11,18","0,1,8,11,18",
stress_balanced_r010_t001,stress_balanced_r010_t001_A_r8_rep1,random_delete_5,8,0,Convergent,1,1.0,/home/zhanghl/projects/ddc_github/runs_lite/run_006/trajectories/stress_balanced_r010_t001_random_delete_5_r8_landing0_rep.pt,388.254541,0.0,0.399079,"0,1,6,11,18","0,1,6,11,18",
stress_balanced_r010_t001,stress_balanced_r010_t001_A_r9_rep1,random_delete_5,9,0,Convergent,1,1.0,/home/zhanghl/projects/ddc_github/runs_lite/run_006/trajectories/stress_balanced_r010_t001_random_delete_5_r9_landing0_rep.pt,465.382035,0.0,0.367879,"0,1,2,4,6,7,18","0,1,2,4,6,7,18",
stress_balanced_r010_t001,stress_balanced_r010_t001_C_r0_rep1,target_hub_outgoing_5,0,0,Convergent,1,1.0,/home/zhanghl/projects/ddc_github/runs_lite/run_006/trajectories/stress_balanced_r010_t001_target_hub_outgoing_5_landing0_rep.pt,419.573649,0.0,0.159124,"0,1,2,4,6,18","0,1,2,4,6,18",
stress_balanced_r010_t001,stress_balanced_r010_t001_D_r0_rep1,target_largest_scc_internal_5,0,0,Convergent,1,1.0,/home/zhanghl/projects/ddc_github/runs_lite/run_006/trajectories/stress_balanced_r010_t001_target_largest_scc_internal_5_landing0_rep.pt,477.367716,0.0,0.777713,"0,1,6,7,8","0,1,6,7,8",
stress_balanced_r010_t003,stress_balanced_r010_t003_A_r0_rep0,random_delete_5,0,0,Convergent,1,1.0,/home/zhanghl/projects/ddc_github/runs_lite/run_006/trajectories/stress_balanced_r010_t003_random_delete_5_landing0_rep.pt,505.521594,0.0,0.476017,"3,7,8,12,14,18,19","3,7,8,12,14,18,19",
stress_balanced_r010_t003,stress_balanced_r010_t003_A_r1_rep0,random_delete_5,1,0,Convergent,1,1.0,/home/zhanghl/projects/ddc_github/runs_lite/run_006/trajectories/stress_balanced_r010_t003_random_delete_5_r1_landing0_rep.pt,727.042925,0.0,0.318261,"3,7,8,11,12,14,18,19","3,7,8,11,12,14,18,19",
stress_balanced_r010_t003,stress_balanced_r010_t003_A_r2_rep0,random_delete_5,2,0,Convergent,1,1.0,/home/zhanghl/projects/ddc_github/runs_lite/run_006/trajectories/stress_balanced_r010_t003_random_delete_5_r2_landing0_rep.pt,685.813589,0.0,0.21721,"3,7,8,12,14,18,19","3,7,8,12,14,18,19",
stress_balanced_r010_t003,stress_balanced_r010_t003_A_r3_rep0,random_delete_5,3,0,Convergent,1,1.0,/home/zhanghl/projects/ddc_github/runs_lite/run_006/trajectories/stress_balanced_r010_t003_random_delete_5_r3_landing0_rep.pt,482.169174,0.0,0.202026,"3,7,8,12,14,18,19","3,7,8,12,14,18,19",
stress_balanced_r010_t003,stress_balanced_r010_t003_A_r4_rep0,random_delete_5,4,0,Convergent,1,1.0,/home/zhanghl/projects/ddc_github/runs_lite/run_006/trajectories/stress_balanced_r010_t003_random_delete_5_r4_landing0_rep.pt,438.871127,0.0,0.678318,"3,7,12,14,18,19","3,7,12,14,18,19",
stress_balanced_r010_t003,stress_balanced_r010_t003_A_r5_rep0,random_delete_5,5,0,Convergent,1,1.0,/home/zhanghl/projects/ddc_github/runs_lite/run_006/trajectories/stress_balanced_r010_t003_random_delete_5_r5_landing0_rep.pt,332.14733,0.0,0.496653,"3,7,8,9,12,14,18,19","3,7,8,9,12,14,18,19",
stress_balanced_r010_t003,stress_balanced_r010_t003_A_r6_rep0,random_delete_5,6,0,Convergent,1,1.0,/home/zhanghl/projects/ddc_github/runs_lite/run_006/trajectories/stress_balanced_r010_t003_random_delete_5_r6_landing0_rep.pt,528.752276,0.0,0.32162,"3,7,8,12,14,18,19","3,7,8,12,14,18,19",
stress_balanced_r010_t003,stress_balanced_r010_t003_A_r7_rep0,random_delete_5,7,0,Convergent,1,1.0,/home/zhanghl/projects/ddc_github/runs_lite/run_006/trajectories/stress_balanced_r010_t003_random_delete_5_r7_landing0_rep.pt,576.647532,0.0,1.5e-05,"3,7,8,12,14,18,19","3,7,8,12,14,18,19",
stress_balanced_r010_t003,stress_balanced_r010_t003_A_r8_rep0,random_delete_5,8,0,Convergent,1,1.0,/home/zhanghl/projects/ddc_github/runs_lite/run_006/trajectories/stress_balanced_r010_t003_random_delete_5_r8_landing0_rep.pt,439.966518,0.0,0.683106,"3,7,12,18,19","3,7,12,18,19",
stress_balanced_r010_t003,stress_balanced_r010_t003_A_r9_rep0,random_delete_5,9,0,Convergent,1,1.0,/home/zhanghl/projects/ddc_github/runs_lite/run_006/trajectories/stress_balanced_r010_t003_random_delete_5_r9_landing0_rep.pt,259.618688,0.0,0.72908,"3,7,12,14,18,19","3,7,12,14,18,19",
stress_balanced_r010_t003,stress_balanced_r010_t003_C_r0_rep0,target_hub_outgoing_5,0,0,Convergent,1,1.0,/home/zhanghl/projects/ddc_github/runs_lite/run_006/trajectories/stress_balanced_r010_t003_target_hub_outgoing_5_landing0_rep.pt,576.647532,0.0,1.5e-05,"3,7,8,12,14,18,19","3,7,8,12,14,18,19",
stress_balanced_r010_t003,stress_balanced_r010_t003_D_r0_rep0,target_largest_scc_internal_5,0,0,Convergent,1,1.0,/home/zhanghl/projects/ddc_github/runs_lite/run_006/trajectories/stress_balanced_r010_t003_target_largest_scc_internal_5_landing0_rep.pt,482.169174,0.0,0.202026,"3,7,8,12,14,18,19","3,7,8,12,14,18,19",
stress_balanced_r010_t003,stress_balanced_r010_t003_B_r0_rep0,target_strongest_5,0,0,Convergent,1,1.0,/home/zhanghl/projects/ddc_github/runs_lite/run_006/trajectories/stress_balanced_r010_t003_target_strongest_5_landing0_rep.pt,576.647532,0.0,1.5e-05,"3,7,8,12,14,18,19","3,7,8,12,14,18,19",
stress_balanced_r010_t007,stress_balanced_r010_t007_A_r0_rep2,random_delete_5,0,0,Convergent,1,1.0,/home/zhanghl/projects/ddc_github/runs_lite/run_006/trajectories/stress_balanced_r010_t007_random_delete_5_landing0_rep.pt,614.493609,0.0,1.303693,"0,8,17,18,19","0,8,17,18,19",
stress_balanced_r010_t007,stress_balanced_r010_t007_A_r1_rep1,random_delete_5,1,0,Convergent,1,0.5,/home/zhanghl/projects/ddc_github/runs_lite/run_006/trajectories/stress_balanced_r010_t007_random_delete_5_r1_landing0_rep.pt,431.549117,0.0,0.611889,"0,8,9,15,18,19","0,8,9,15,18,19",
stress_balanced_r010_t007,stress_balanced_r010_t007_A_r1_rep3,random_delete_5,1,1,Convergent,1,0.5,/home/zhanghl/projects/ddc_github/runs_lite/run_006/trajectories/stress_balanced_r010_t007_random_delete_5_r1_landing1_rep.pt,409.98622,0.0,0.546152,"8,9,19","8,9,19",
stress_balanced_r010_t007,stress_balanced_r010_t007_A_r2_rep3,random_delete_5,2,0,Convergent,1,0.333333,/home/zhanghl/projects/ddc_github/runs_lite/run_006/trajectories/stress_balanced_r010_t007_random_delete_5_r2_landing0_rep.pt,560.30328,0.0,1.043331,"0,8,17,18,19","0,8,17,18,19",
stress_balanced_r010_t007,stress_balanced_r010_t007_A_r2_rep4,random_delete_5,2,1,Convergent,1,0.333333,/home/zhanghl/projects/ddc_github/runs_lite/run_006/trajectories/stress_balanced_r010_t007_random_delete_5_r2_landing1_rep.pt,789.164382,0.0,1.804607,"0,8,17,18,19","0,8,17,18,19",
stress_balanced_r010_t007,stress_balanced_r010_t007_A_r2_rep1,random_delete_5,2,2,Convergent,1,0.333333,/home/zhanghl/projects/ddc_github/runs_lite/run_006/trajectories/stress_balanced_r010_t007_random_delete_5_r2_landing2_rep.pt,318.585825,0.0,0.396773,"0,8,9,15,17,18,19","0,8,9,15,17,18,19",
stress_balanced_r010_t007,stress_balanced_r010_t007_A_r3_rep2,random_delete_5,3,0,Convergent,1,0.2,/home/zhanghl/projects/ddc_github/runs_lite/run_006/trajectories/stress_balanced_r010_t007_random_delete_5_r3_landing0_rep.pt,446.768454,0.0,0.694836,"0,17,18,19","0,17,18,19",
stress_balanced_r010_t007,stress_balanced_r010_t007_A_r3_rep4,random_delete_5,3,1,Convergent,1,0.2,/home/zhanghl/projects/ddc_github/runs_lite/run_006/trajectories/stress_balanced_r010_t007_random_delete_5_r3_landing1_rep.pt,378.796766,0.0,0.632517,"0,8,11,17,18,19","0,8,11,17,18,19",
stress_balanced_r010_t007,stress_balanced_r010_t007_A_r3_rep3,random_delete_5,3,2,Convergent,1,0.2,/home/zhanghl/projects/ddc_github/runs_lite/run_006/trajectories/stress_balanced_r010_t007_random_delete_5_r3_landing2_rep.pt,458.762131,0.0,0.605193,"0,8,10,17,18,19","0,8,10,17,18,19",
stress_balanced_r010_t007,stress_balanced_r010_t007_A_r3_rep0,random_delete_5,3,3,Convergent,1,0.2,/home/zhanghl/projects/ddc_github/runs_lite/run_006/trajectories/stress_balanced_r010_t007_random_delete_5_r3_landing3_rep.pt,556.376508,0.0,1.0436,"0,8,17,18,19","0,8,17,18,19",
stress_balanced_r010_t007,stress_balanced_r010_t007_A_r3_rep1,random_delete_5,3,4,Convergent,1,0.2,/home/zhanghl/projects/ddc_github/runs_lite/run_006/trajectories/stress_balanced_r010_t007_random_delete_5_r3_landing4_rep.pt,512.302983,0.0,0.859475,"0,4,9,10,13,14,15","0,4,9,10,13,14,15",
stress_balanced_r010_t007,stress_balanced_r010_t007_A_r5_rep1,random_delete_5,5,0,Convergent,1,0.333333,/home/zhanghl/projects/ddc_github/runs_lite/run_006/trajectories/stress_balanced_r010_t007_random_delete_5_r5_landing0_rep.pt,658.782395,0.0,1.035805,"0,9,10,13,14,15,17,18","0,9,10,13,14,15,17,18",
stress_balanced_r010_t007,stress_balanced_r010_t007_A_r5_rep2,random_delete_5,5,1,Convergent,1,0.333333,/home/zhanghl/projects/ddc_github/runs_lite/run_006/trajectories/stress_balanced_r010_t007_random_delete_5_r5_landing1_rep.pt,520.028189,0.0,0.735611,"0,4,10,14","0,4,10,14",
stress_balanced_r010_t007,stress_balanced_r010_t007_A_r5_rep4,random_delete_5,5,2,Convergent,1,0.333333,/home/zhanghl/projects/ddc_github/runs_lite/run_006/trajectories/stress_balanced_r010_t007_random_delete_5_r5_landing2_rep.pt,444.973818,0.0,0.594961,"0,19","0,19",
stress_balanced_r010_t007,stress_balanced_r010_t007_A_r6_rep0,random_delete_5,6,0,Convergent,1,0.5,/home/zhanghl/projects/ddc_github/runs_lite/run_006/trajectories/stress_balanced_r010_t007_random_delete_5_r6_landing0_rep.pt,733.297073,0.0,1.536017,"0,8,9,18,19","0,8,9,18,19",
stress_balanced_r010_t007,stress_balanced_r010_t007_A_r6_rep1,random_delete_5,6,1,Convergent,1,0.5,/home/zhanghl/projects/ddc_github/runs_lite/run_006/trajectories/stress_balanced_r010_t007_random_delete_5_r6_landing1_rep.pt,1129.25506,0.0,2.524699,"0,10,13,14,18","0,10,13,14,18",
stress_balanced_r010_t007,stress_balanced_r010_t007_A_r7_rep0,random_delete_5,7,0,Convergent,1,0.5,/home/zhanghl/projects/ddc_github/runs_lite/run_006/trajectories/stress_balanced_r010_t007_random_delete_5_r7_landing0_rep.pt,342.658733,0.0,0.376834,"0,8,9,10,19","0,8,9,10,19",
stress_balanced_r010_t007,stress_balanced_r010_t007_A_r7_rep3,random_delete_5,7,1,Convergent,1,0.5,/home/zhanghl/projects/ddc_github/runs_lite/run_006/trajectories/stress_balanced_r010_t007_random_delete_5_r7_landing1_rep.pt,492.363239,0.0,0.840148,"0,8,17,18,19","0,8,17,18,19",
stress_balanced_r010_t007,stress_balanced_r010_t007_A_r8_rep1,random_delete_5,8,0,Convergent,1,0.5,/home/zhanghl/projects/ddc_github/runs_lite/run_006/trajectories/stress_balanced_r010_t007_random_delete_5_r8_landing0_rep.pt,420.226312,0.0,0.565336,"0,10,14,15,17,18","0,10,14,15,17,18",
stress_balanced_r010_t007,stress_balanced_r010_t007_A_r8_rep4,random_delete_5,8,1,Convergent,1,0.5,/home/zhanghl/projects/ddc_github/runs_lite/run_006/trajectories/stress_balanced_r010_t007_random_delete_5_r8_landing1_rep.pt,1542.062738,0.0,3.491468,"0,8,14,15,17,18","0,8,14,15,17,18",
stress_balanced_r010_t007,stress_balanced_r010_t007_A_r9_rep0,random_delete_5,9,0,Convergent,1,0.333333,/home/zhanghl/projects/ddc_github/runs_lite/run_006/trajectories/stress_balanced_r010_t007_random_delete_5_r9_landing0_rep.pt,2549.542265,0.0,6.279478,"0,13,14,15","0,13,14,15",
stress_balanced_r010_t007,stress_balanced_r010_t007_A_r9_rep3,random_delete_5,9,1,Convergent,1,0.333333,/home/zhanghl/projects/ddc_github/runs_lite/run_006/trajectories/stress_balanced_r010_t007_random_delete_5_r9_landing1_rep.pt,1103.339419,0.0,2.282667,"10,13,14,15,17,18","10,13,14,15,17,18",
stress_balanced_r010_t007,stress_balanced_r010_t007_A_r9_rep1,random_delete_5,9,2,Convergent,1,0.333333,/home/zhanghl/projects/ddc_github/runs_lite/run_006/trajectories/stress_balanced_r010_t007_random_delete_5_r9_landing2_rep.pt,597.448928,0.0,1.221343,"0,8,17,19","0,8,17,19",
stress_balanced_r010_t007,stress_balanced_r010_t007_C_r0_rep3,target_hub_outgoing_5,0,0,Convergent,2,0.5,/home/zhanghl/projects/ddc_github/runs_lite/run_006/trajectories/stress_balanced_r010_t007_target_hub_outgoing_5_landing0_rep.pt,803.697598,0.000752,1.798629,"0,8,9,19","0,8,9,19",
stress_balanced_r010_t007,stress_balanced_r010_t007_C_r0_rep1,target_hub_outgoing_5,0,1,Convergent,1,0.25,/home/zhanghl/projects/ddc_github/runs_lite/run_006/trajectories/stress_balanced_r010_t007_target_hub_outgoing_5_landing1_rep.pt,302.642568,0.0,0.403127,"8,9,15,18,19","8,9,15,18,19",
stress_balanced_r010_t007,stress_balanced_r010_t007_C_r0_rep2,target_hub_outgoing_5,0,2,Convergent,1,0.25,/home/zhanghl/projects/ddc_github/runs_lite/run_006/trajectories/stress_balanced_r010_t007_target_hub_outgoing_5_landing2_rep.pt,342.075478,0.0,0.35092,"0,8,9,19","0,8,9,19",
stress_balanced_r010_t007,stress_balanced_r010_t007_D_r0_rep0,target_largest_scc_internal_5,0,0,Convergent,1,0.2,/home/zhanghl/projects/ddc_github/runs_lite/run_006/trajectories/stress_balanced_r010_t007_target_largest_scc_internal_5_landing0_rep.pt,492.362845,0.0,0.838369,"0,8,17,18,19","0,8,17,18,19",
stress_balanced_r010_t007,stress_balanced_r010_t007_D_r0_rep3,target_largest_scc_internal_5,0,1,Convergent,1,0.2,/home/zhanghl/projects/ddc_github/runs_lite/run_006/trajectories/stress_balanced_r010_t007_target_largest_scc_internal_5_landing1_rep.pt,609.907104,0.0,1.133907,"0,8,19","0,8,19",
stress_balanced_r010_t007,stress_balanced_r010_t007_D_r0_rep2,target_largest_scc_internal_5,0,2,Convergent,1,0.2,/home/zhanghl/projects/ddc_github/runs_lite/run_006/trajectories/stress_balanced_r010_t007_target_largest_scc_internal_5_landing2_rep.pt,791.519056,0.0,1.669699,"0,8,19","0,8,19",
stress_balanced_r010_t007,stress_balanced_r010_t007_D_r0_rep4,target_largest_scc_internal_5,0,3,Convergent,1,0.2,/home/zhanghl/projects/ddc_github/runs_lite/run_006/trajectories/stress_balanced_r010_t007_target_largest_scc_internal_5_landing3_rep.pt,2753.699137,0.0,7.182412,"0,8,19","0,8,19",
stress_balanced_r010_t007,stress_balanced_r010_t007_D_r0_rep1,target_largest_scc_internal_5,0,4,Convergent,1,0.2,/home/zhanghl/projects/ddc_github/runs_lite/run_006/trajectories/stress_balanced_r010_t007_target_largest_scc_internal_5_landing4_rep.pt,397.295362,0.0,0.333768,"8,9,15","8,9,15",
stress_balanced_r010_t007,stress_balanced_r010_t007_B_r0_rep3,target_strongest_5,0,0,Convergent,5,1.0,/home/zhanghl/projects/ddc_github/runs_lite/run_006/trajectories/stress_balanced_r010_t007_target_strongest_5_landing0_rep.pt,588.296943,0.000395,1.313558,"0,8,10,17,18,19","0,8,10,17,18,19",
stress_repression_biased_r010_t004,stress_repression_biased_r010_t004_A_r0_rep1,random_delete_5,0,0,Convergent,1,0.5,/home/zhanghl/projects/ddc_github/runs_lite/run_006/trajectories/stress_repression_biased_r010_t004_random_delete_5_landing0_rep.pt,267.710285,0.0,0.482492,"1,4,5,7,8,11,12,13","1,4,5,7,8,11,12,13",
stress_repression_biased_r010_t004,stress_repression_biased_r010_t004_A_r0_rep2,random_delete_5,0,1,Convergent,1,0.5,/home/zhanghl/projects/ddc_github/runs_lite/run_006/trajectories/stress_repression_biased_r010_t004_random_delete_5_landing1_rep.pt,663.123414,0.0,0.734961,"1,4,5,11,12,13,16","1,4,5,11,12,13,16",
stress_repression_biased_r010_t004,stress_repression_biased_r010_t004_A_r1_rep0,random_delete_5,1,0,Convergent,1,0.5,/home/zhanghl/projects/ddc_github/runs_lite/run_006/trajectories/stress_repression_biased_r010_t004_random_delete_5_r1_landing0_rep.pt,631.35893,0.0,0.605261,"1,4,5,7,8,11,12,13","1,4,5,7,8,11,12,13",
stress_repression_biased_r010_t004,stress_repression_biased_r010_t004_A_r1_rep4,random_delete_5,1,1,Convergent,1,0.5,/home/zhanghl/projects/ddc_github/runs_lite/run_006/trajectories/stress_repression_biased_r010_t004_random_delete_5_r1_landing1_rep.pt,377.873459,0.0,0.935521,"1,5,6,8,11,12,13,19","1,5,6,8,11,12,13,19",
stress_repression_biased_r010_t004,stress_repression_biased_r010_t004_A_r2_rep2,random_delete_5,2,0,Convergent,1,0.25,/home/zhanghl/projects/ddc_github/runs_lite/run_006/trajectories/stress_repression_biased_r010_t004_random_delete_5_r2_landing0_rep.pt,252.338358,0.0,0.500155,"1,4,5,7,8,11,12,13,16,19","1,4,5,7,8,11,12,13,16,19",
stress_repression_biased_r010_t004,stress_repression_biased_r010_t004_A_r2_rep4,random_delete_5,2,1,Convergent,1,0.25,/home/zhanghl/projects/ddc_github/runs_lite/run_006/trajectories/stress_repression_biased_r010_t004_random_delete_5_r2_landing1_rep.pt,317.91011,0.0,0.306114,"1,4,5,7,11,12,13,16","1,4,5,7,11,12,13,16",
stress_repression_biased_r010_t004,stress_repression_biased_r010_t004_A_r2_rep1,random_delete_5,2,2,Convergent,1,0.25,/home/zhanghl/projects/ddc_github/runs_lite/run_006/trajectories/stress_repression_biased_r010_t004_random_delete_5_r2_landing2_rep.pt,299.638086,0.0,0.44543,"1,4,5,7,11,12,13,16","1,4,5,7,11,12,13,16",
stress_repression_biased_r010_t004,stress_repression_biased_r010_t004_A_r2_rep3,random_delete_5,2,3,Convergent,1,0.25,/home/zhanghl/projects/ddc_github/runs_lite/run_006/trajectories/stress_repression_biased_r010_t004_random_delete_5_r2_landing3_rep.pt,624.747822,0.0,0.582334,"1,4,5,7,8,11,12,13","1,4,5,7,8,11,12,13",
stress_repression_biased_r010_t004,stress_repression_biased_r010_t004_A_r3_rep0,random_delete_5,3,0,Convergent,1,0.5,/home/zhanghl/projects/ddc_github/runs_lite/run_006/trajectories/stress_repression_biased_r010_t004_random_delete_5_r3_landing0_rep.pt,499.494697,0.0,0.36643,"1,4,5,11,12,13,16","1,4,5,11,12,13,16",
stress_repression_biased_r010_t004,stress_repression_biased_r010_t004_A_r3_rep3,random_delete_5,3,1,Convergent,1,0.5,/home/zhanghl/projects/ddc_github/runs_lite/run_006/trajectories/stress_repression_biased_r010_t004_random_delete_5_r3_landing1_rep.pt,421.581986,0.0,0.307479,"1,4,5,7,11,12,13,15,16","1,4,5,7,11,12,13,15,16",
stress_repression_biased_r010_t004,stress_repression_biased_r010_t004_A_r4_rep1,random_delete_5,4,0,Convergent,1,0.333333,/home/zhanghl/projects/ddc_github/runs_lite/run_006/trajectories/stress_repression_biased_r010_t004_random_delete_5_r4_landing0_rep.pt,568.717013,0.0,0.528803,"1,4,5,6,7,8,11,12,13","1,4,5,6,7,8,11,12,13",
stress_repression_biased_r010_t004,stress_repression_biased_r010_t004_A_r4_rep4,random_delete_5,4,1,Convergent,1,0.333333,/home/zhanghl/projects/ddc_github/runs_lite/run_006/trajectories/stress_repression_biased_r010_t004_random_delete_5_r4_landing1_rep.pt,562.934935,0.0,0.515254,"1,3,4,5,6,7,8,11","1,3,4,5,6,7,8,11",
stress_repression_biased_r010_t004,stress_repression_biased_r010_t004_A_r4_rep0,random_delete_5,4,2,Convergent,1,0.333333,/home/zhanghl/projects/ddc_github/runs_lite/run_006/trajectories/stress_repression_biased_r010_t004_random_delete_5_r4_landing2_rep.pt,371.197898,0.0,0.919082,"1,4,5,6,7,8,11,12,13,19","1,4,5,6,7,8,11,12,13,19",
stress_repression_biased_r010_t004,stress_repression_biased_r010_t004_A_r5_rep3,random_delete_5,5,0,Convergent,1,1.0,/home/zhanghl/projects/ddc_github/runs_lite/run_006/trajectories/stress_repression_biased_r010_t004_random_delete_5_r5_landing0_rep.pt,223.743645,0.0,0.69746,"1,4,5,7,11,12,13,19","1,4,5,7,11,12,13,19",
stress_repression_biased_r010_t004,stress_repression_biased_r010_t004_A_r6_rep1,random_delete_5,6,0,Convergent,1,0.25,/home/zhanghl/projects/ddc_github/runs_lite/run_006/trajectories/stress_repression_biased_r010_t004_random_delete_5_r6_landing0_rep.pt,245.497397,0.0,0.721531,"1,5,7,11,12,13,19","1,5,7,11,12,13,19",
stress_repression_biased_r010_t004,stress_repression_biased_r010_t004_A_r6_rep3,random_delete_5,6,1,Convergent,1,0.25,/home/zhanghl/projects/ddc_github/runs_lite/run_006/trajectories/stress_repression_biased_r010_t004_random_delete_5_r6_landing1_rep.pt,245.747131,0.0,0.654379,"1,4,5,7,11,12,13","1,4,5,7,11,12,13",
stress_repression_biased_r010_t004,stress_repression_biased_r010_t004_A_r6_rep4,random_delete_5,6,2,Convergent,1,0.25,/home/zhanghl/projects/ddc_github/runs_lite/run_006/trajectories/stress_repression_biased_r010_t004_random_delete_5_r6_landing2_rep.pt,252.338256,0.0,0.500151,"1,4,5,7,8,11,12,13,16,19","1,4,5,7,8,11,12,13,16,19",
stress_repression_biased_r010_t004,stress_repression_biased_r010_t004_A_r6_rep0,random_delete_5,6,3,Convergent,1,0.25,/home/zhanghl/projects/ddc_github/runs_lite/run_006/trajectories/stress_repression_biased_r010_t004_random_delete_5_r6_landing3_rep.pt,567.901859,0.0,0.523966,"1,3,4,5,6,7,8,11,12","1,3,4,5,6,7,8,11,12",
stress_repression_biased_r010_t004,stress_repression_biased_r010_t004_A_r7_rep1,random_delete_5,7,0,Convergent,1,0.25,/home/zhanghl/projects/ddc_github/runs_lite/run_006/trajectories/stress_repression_biased_r010_t004_random_delete_5_r7_landing0_rep.pt,374.551857,0.0,0.926747,"1,4,5,6,7,11,12,13,19","1,4,5,6,7,11,12,13,19",
stress_repression_biased_r010_t004,stress_repression_biased_r010_t004_A_r7_rep3,random_delete_5,7,1,Convergent,1,0.25,/home/zhanghl/projects/ddc_github/runs_lite/run_006/trajectories/stress_repression_biased_r010_t004_random_delete_5_r7_landing1_rep.pt,243.985734,0.0,0.812056,"1,4,5,6,7,8,11,12,13,19","1,4,5,6,7,8,11,12,13,19",
stress_repression_biased_r010_t004,stress_repression_biased_r010_t004_A_r7_rep0,random_delete_5,7,2,Convergent,1,0.25,/home/zhanghl/projects/ddc_github/runs_lite/run_006/trajectories/stress_repression_biased_r010_t004_random_delete_5_r7_landing2_rep.pt,568.487683,0.0,0.469363,"1,4,5,7,8,11,12,13","1,4,5,7,8,11,12,13",
stress_repression_biased_r010_t004,stress_repression_biased_r010_t004_A_r7_rep2,random_delete_5,7,3,Convergent,1,0.25,/home/zhanghl/projects/ddc_github/runs_lite/run_006/trajectories/stress_repression_biased_r010_t004_random_delete_5_r7_landing3_rep.pt,263.635616,0.0,0.511755,"1,4,5,7,11,12,13,15,16,19","1,4,5,7,11,12,13,15,16,19",
stress_repression_biased_r010_t004,stress_repression_biased_r010_t004_A_r8_rep2,random_delete_5,8,0,Convergent,1,0.2,/home/zhanghl/projects/ddc_github/runs_lite/run_006/trajectories/stress_repression_biased_r010_t004_random_delete_5_r8_landing0_rep.pt,404.138393,0.0,0.326111,"1,3,4,5,7,8,11","1,3,4,5,7,8,11",
stress_repression_biased_r010_t004,stress_repression_biased_r010_t004_A_r8_rep3,random_delete_5,8,1,Convergent,1,0.2,/home/zhanghl/projects/ddc_github/runs_lite/run_006/trajectories/stress_repression_biased_r010_t004_random_delete_5_r8_landing1_rep.pt,389.470088,0.0,0.312667,"1,4,6,7,8,11,12,13","1,4,6,7,8,11,12,13",
stress_repression_biased_r010_t004,stress_repression_biased_r010_t004_A_r8_rep1,random_delete_5,8,2,Convergent,1,0.2,/home/zhanghl/projects/ddc_github/runs_lite/run_006/trajectories/stress_repression_biased_r010_t004_random_delete_5_r8_landing2_rep.pt,628.736363,0.0,0.605716,"1,4,7,11,12,13","1,4,7,11,12,13",
stress_repression_biased_r010_t004,stress_repression_biased_r010_t004_A_r8_rep0,random_delete_5,8,3,Convergent,1,0.2,/home/zhanghl/projects/ddc_github/runs_lite/run_006/trajectories/stress_repression_biased_r010_t004_random_delete_5_r8_landing3_rep.pt,270.794298,0.0,0.550322,"1,4,5,7,11,12,13","1,4,5,7,11,12,13",
stress_repression_biased_r010_t004,stress_repression_biased_r010_t004_A_r8_rep4,random_delete_5,8,4,Convergent,1,0.2,/home/zhanghl/projects/ddc_github/runs_lite/run_006/trajectories/stress_repression_biased_r010_t004_random_delete_5_r8_landing4_rep.pt,239.891636,0.0,0.479686,"1,4,5,7,8,11,12,13,16","1,4,5,7,8,11,12,13,16",
stress_repression_biased_r010_t004,stress_repression_biased_r010_t004_A_r9_rep2,random_delete_5,9,0,Convergent,1,0.333333,/home/zhanghl/projects/ddc_github/runs_lite/run_006/trajectories/stress_repression_biased_r010_t004_random_delete_5_r9_landing0_rep.pt,544.220878,0.0,0.514747,"1,3,7,11,12","1,3,7,11,12",
stress_repression_biased_r010_t004,stress_repression_biased_r010_t004_A_r9_rep3,random_delete_5,9,1,Convergent,1,0.333333,/home/zhanghl/projects/ddc_github/runs_lite/run_006/trajectories/stress_repression_biased_r010_t004_random_delete_5_r9_landing1_rep.pt,495.313597,0.0,0.337402,"1,4,5,7,8,11,13,15,16","1,4,5,7,8,11,13,15,16",
stress_repression_biased_r010_t004,stress_repression_biased_r010_t004_A_r9_rep0,random_delete_5,9,2,Convergent,1,0.333333,/home/zhanghl/projects/ddc_github/runs_lite/run_006/trajectories/stress_repression_biased_r010_t004_random_delete_5_r9_landing2_rep.pt,374.551766,0.0,0.927173,"1,4,5,6,8,11,12,13,19","1,4,5,6,8,11,12,13,19",
stress_repression_biased_r010_t004,stress_repression_biased_r010_t004_D_r0_rep2,target_largest_scc_internal_5,0,0,Convergent,1,0.5,/home/zhanghl/projects/ddc_github/runs_lite/run_006/trajectories/stress_repression_biased_r010_t004_target_largest_scc_internal_5_landing0_rep.pt,263.482444,0.0,0.626831,"1,4,5,7,11,12,13,16,17,19","1,4,5,7,11,12,13,16,17,19",
stress_repression_biased_r010_t004,stress_repression_biased_r010_t004_D_r0_rep3,target_largest_scc_internal_5,0,1,Convergent,1,0.5,/home/zhanghl/projects/ddc_github/runs_lite/run_006/trajectories/stress_repression_biased_r010_t004_target_largest_scc_internal_5_landing1_rep.pt,228.880567,0.0,0.636395,"1,4,5,7,11,12,13","1,4,5,7,11,12,13",
stress_repression_biased_r010_t004,stress_repression_biased_r010_t004_B_r0_rep4,target_strongest_5,0,0,Convergent,5,1.0,/home/zhanghl/projects/ddc_github/runs_lite/run_006/trajectories/stress_repression_biased_r010_t004_target_strongest_5_landing0_rep.pt,585.390399,0.000845,0.513685,"1,4,5,7,8,11,13","1,4,5,7,8,11,13",
