world_id	topology_type	N_TF	TF_candidate_edge_count	sampled_edge_count	edge_density_r	tf_pool_internal_density	sign_ratio	decay_δ	basal_transcription_b	parameter_regime	run_002_comparison_label	paired_run002_world_id	n_replicates	edge_density_matched_to_run002	topo_idx	a_min	a_max	primary_attractor	attractor_distribution	convergence_time	oscillation_exists	clipping_freq	clipping_dominated	equilibrium_magnitude	equilibrium_sparsity	spectral_radius	converged	bounded	max_expression	numerical_collapse
baseline_balanced_t000	TF-restricted	5	95	38	0.1	0.4	0.5	0.2	0.1	baseline_balanced	edge-density-matched (N_EDGES=38)	baseline_balanced_t000	5	True	0	0.02	0.1	Type A	{'Type A': 5}	55.8	False	0.049	False	0.5524	0.05	0.855952	True	True	1.2754	False
baseline_balanced_t001	TF-restricted	5	95	38	0.1	0.4	0.5	0.2	0.1	baseline_balanced	edge-density-matched (N_EDGES=38)	baseline_balanced_t001	5	True	1	0.02	0.1	Type A	{'Type A': 5}	45.8	False	0.0498	False	0.4729	0.05	0.800281	True	True	0.9952	False
baseline_balanced_t002	TF-restricted	5	95	38	0.1	0.4	0.5	0.2	0.1	baseline_balanced	edge-density-matched (N_EDGES=38)	baseline_balanced_t002	5	True	2	0.02	0.1	Type A	{'Type A': 5}	49.4	False	0.0	False	0.4824	0.0	0.883666	True	True	0.991	False
baseline_balanced_t003	TF-restricted	5	95	38	0.1	0.4	0.5	0.2	0.1	baseline_balanced	edge-density-matched (N_EDGES=38)	baseline_balanced_t003	5	True	3	0.02	0.1	Type A	{'Type A': 5}	55.2	False	0.0489	False	0.5999	0.05	0.883287	True	True	1.2705	False
baseline_balanced_t004	TF-restricted	5	95	38	0.1	0.4	0.5	0.2	0.1	baseline_balanced	edge-density-matched (N_EDGES=38)	baseline_balanced_t004	5	True	4	0.02	0.1	Type A	{'Type A': 5}	50.2	False	0.0	False	0.5114	0.0	0.882681	True	True	1.1453	False
baseline_balanced_t005	TF-restricted	5	95	38	0.1	0.4	0.5	0.2	0.1	baseline_balanced	edge-density-matched (N_EDGES=38)	baseline_balanced_t005	5	True	5	0.02	0.1	Type A	{'Type A': 5}	43.0	False	0.0	False	0.4684	0.0	0.806869	True	True	0.9981	False
baseline_balanced_t006	TF-restricted	5	95	38	0.1	0.4	0.5	0.2	0.1	baseline_balanced	edge-density-matched (N_EDGES=38)	baseline_balanced_t006	5	True	6	0.02	0.1	Type A	{'Type A': 5}	41.4	False	0.0499	False	0.497	0.05	0.810422	True	True	1.0254	False
baseline_balanced_t007	TF-restricted	5	95	38	0.1	0.4	0.5	0.2	0.1	baseline_balanced	edge-density-matched (N_EDGES=38)	baseline_balanced_t007	5	True	7	0.02	0.1	Type A	{'Type A': 5}	47.4	False	0.0993	False	0.4886	0.1	0.850367	True	True	1.0049	False
baseline_balanced_t008	TF-restricted	5	95	38	0.1	0.4	0.5	0.2	0.1	baseline_balanced	edge-density-matched (N_EDGES=38)	baseline_balanced_t008	5	True	8	0.02	0.1	Type A	{'Type A': 5}	50.0	False	0.0	False	0.4671	0.0	0.857103	True	True	0.9909	False
baseline_balanced_t009	TF-restricted	5	95	38	0.1	0.4	0.5	0.2	0.1	baseline_balanced	edge-density-matched (N_EDGES=38)	baseline_balanced_t009	5	True	9	0.02	0.1	Type A	{'Type A': 5}	46.6	False	0.0	False	0.5123	0.0	0.851995	True	True	0.9892	False
chen_moderate_balanced_t000	TF-restricted	5	95	38	0.1	0.4	0.5	0.2	0.1	chen_moderate_balanced	edge-density-matched (N_EDGES=38)	chen_moderate_balanced_t000	5	True	0	0.1	0.2	Type A	{'Type A': 5}	60.8	False	0.1498	True	0.7825	0.15	0.882771	True	True	2.6037	False
chen_moderate_balanced_t001	TF-restricted	5	95	38	0.1	0.4	0.5	0.2	0.1	chen_moderate_balanced	edge-density-matched (N_EDGES=38)	chen_moderate_balanced_t001	5	True	1	0.1	0.2	Type A	{'Type A': 5}	47.0	False	0.2987	True	0.6729	0.3	0.807856	True	True	2.2082	False
chen_moderate_balanced_t002	TF-restricted	5	95	38	0.1	0.4	0.5	0.2	0.1	chen_moderate_balanced	edge-density-matched (N_EDGES=38)	chen_moderate_balanced_t002	5	True	2	0.1	0.2	Type A	{'Type A': 5}	110.8	False	0.1953	True	0.5325	0.2	0.942666	True	True	1.6163	False
chen_moderate_balanced_t003	TF-restricted	5	95	38	0.1	0.4	0.5	0.2	0.1	chen_moderate_balanced	edge-density-matched (N_EDGES=38)	chen_moderate_balanced_t003	5	True	3	0.1	0.2	Type B	{'Type B': 5}	533.2	False	0.3475	True	3.6371	0.35	1.004961	True	True	11.9242	False
chen_moderate_balanced_t004	TF-restricted	5	95	38	0.1	0.4	0.5	0.2	0.1	chen_moderate_balanced	edge-density-matched (N_EDGES=38)	chen_moderate_balanced_t004	5	True	4	0.1	0.2	Type A	{'Type A': 5}	120.6	False	0.0004	False	0.5012	0.0	0.955031	True	True	1.4144	False
chen_moderate_balanced_t005	TF-restricted	5	95	38	0.1	0.4	0.5	0.2	0.1	chen_moderate_balanced	edge-density-matched (N_EDGES=38)	chen_moderate_balanced_t005	5	True	5	0.1	0.2	Type A	{'Type A': 5}	64.6	False	0.0499	False	0.5216	0.05	0.890484	True	True	1.6988	False
chen_moderate_balanced_t006	TF-restricted	5	95	38	0.1	0.4	0.5	0.2	0.1	chen_moderate_balanced	edge-density-matched (N_EDGES=38)	chen_moderate_balanced_t006	5	True	6	0.1	0.2	Type A	{'Type A': 5}	45.4	False	0.299	True	0.4689	0.3	0.832812	True	True	1.4599	False
chen_moderate_balanced_t007	TF-restricted	5	95	38	0.1	0.4	0.5	0.2	0.1	chen_moderate_balanced	edge-density-matched (N_EDGES=38)	chen_moderate_balanced_t007	5	True	7	0.1	0.2	Type A	{'Type B': 1, 'Type A': 4}	199.2	False	0.2975	True	1.1826	0.3	0.917815	True	True	4.1445	False
chen_moderate_balanced_t008	TF-restricted	5	95	38	0.1	0.4	0.5	0.2	0.1	chen_moderate_balanced	edge-density-matched (N_EDGES=38)	chen_moderate_balanced_t008	5	True	8	0.1	0.2	Type A	{'Type A': 5}	118.6	False	0.0503	False	0.5362	0.05	0.942441	True	True	1.4743	False
chen_moderate_balanced_t009	TF-restricted	5	95	38	0.1	0.4	0.5	0.2	0.1	chen_moderate_balanced	edge-density-matched (N_EDGES=38)	chen_moderate_balanced_t009	5	True	9	0.1	0.2	Type A	{'Type A': 5}	53.2	False	0.2489	True	0.5808	0.25	0.933963	True	True	1.398	False
stress_balanced_t000	TF-restricted	5	95	38	0.1	0.4	0.5	0.2	0.1	stress_balanced	edge-density-matched (N_EDGES=38)	stress_balanced_t000	5	True	0	0.1	0.3	Type A	{'Type A': 5}	67.0	False	0.25	True	1.0664	0.25	0.919549	True	True	4.0274	False
stress_balanced_t001	TF-restricted	5	95	38	0.1	0.4	0.5	0.2	0.1	stress_balanced	edge-density-matched (N_EDGES=38)	stress_balanced_t001	5	True	1	0.1	0.3	Type A	{'Type A': 5}	57.0	False	0.349	True	0.868	0.35	0.828788	True	True	2.7298	False
stress_balanced_t002	TF-restricted	5	95	38	0.1	0.4	0.5	0.2	0.1	stress_balanced	edge-density-matched (N_EDGES=38)	stress_balanced_t002	5	True	2	0.1	0.3	Type A	{'Type A': 4, 'Type B': 1}	101.6	False	0.3256	True	0.6645	0.34	1.023564	True	True	2.3881	False
stress_balanced_t003	TF-restricted	5	95	38	0.1	0.4	0.5	0.2	0.1	stress_balanced	edge-density-matched (N_EDGES=38)	stress_balanced_t003	5	True	3	0.1	0.3	Type E	{'Type E': 5}		False	0.3485	True	3.6281519468353104e+29	0.35	1.110204	False	False	5.9221114756454e+30	False
stress_balanced_t004	TF-restricted	5	95	38	0.1	0.4	0.5	0.2	0.1	stress_balanced	edge-density-matched (N_EDGES=38)	stress_balanced_t004	5	True	4	0.1	0.3	Type A	{'Type A': 5}	85.0	False	0.1982	True	0.553	0.2	0.921359	True	True	1.9938	False
stress_balanced_t005	TF-restricted	5	95	38	0.1	0.4	0.5	0.2	0.1	stress_balanced	edge-density-matched (N_EDGES=38)	stress_balanced_t005	5	True	5	0.1	0.3	Type A	{'Type A': 5}	89.6	False	0.1482	True	0.5576	0.15	0.916316	True	True	2.2621	False
stress_balanced_t006	TF-restricted	5	95	38	0.1	0.4	0.5	0.2	0.1	stress_balanced	edge-density-matched (N_EDGES=38)	stress_balanced_t006	5	True	6	0.1	0.3	Type A	{'Type A': 5}	48.2	False	0.2996	True	0.5002	0.3	0.869681	True	True	1.8682	False
stress_balanced_t007	TF-restricted	5	95	38	0.1	0.4	0.5	0.2	0.1	stress_balanced	edge-density-matched (N_EDGES=38)	stress_balanced_t007	5	True	7	0.1	0.3	Type A	{'Type A': 5}	160.6	False	0.2993	True	1.0962	0.3	0.945085	True	True	5.1574	False
stress_balanced_t008	TF-restricted	5	95	38	0.1	0.4	0.5	0.2	0.1	stress_balanced	edge-density-matched (N_EDGES=38)	stress_balanced_t008	5	True	8	0.1	0.3	Type A	{'Type A': 5}	85.4	False	0.1476	True	0.5962	0.15	0.972167	True	True	2.3287	False
stress_balanced_t009	TF-restricted	5	95	38	0.1	0.4	0.5	0.2	0.1	stress_balanced	edge-density-matched (N_EDGES=38)	stress_balanced_t009	5	True	9	0.1	0.3	Type A	{'Type A': 5}	62.2	False	0.3477	True	0.6549	0.35	0.955721	True	True	2.1035	False
chen_stress_balanced_t000	TF-restricted	5	95	38	0.1	0.4	0.5	0.2	0.1	chen_stress_balanced	edge-density-matched (N_EDGES=38)	chen_stress_balanced_t000	5	True	0	0.2	0.4	Type A	{'Type A': 5}	60.2	False	0.2496	True	1.9845	0.25	0.942279	True	True	9.4133	False
chen_stress_balanced_t001	TF-restricted	5	95	38	0.1	0.4	0.5	0.2	0.1	chen_stress_balanced	edge-density-matched (N_EDGES=38)	chen_stress_balanced_t001	5	True	1	0.2	0.4	Type A	{'Type A': 5}	61.0	False	0.3494	True	1.0785	0.35	0.854466	True	True	5.3285	False
chen_stress_balanced_t002	TF-restricted	5	95	38	0.1	0.4	0.5	0.2	0.1	chen_stress_balanced	edge-density-matched (N_EDGES=38)	chen_stress_balanced_t002	5	True	2	0.2	0.4	Type A	{'Type A': 5}	59.2	False	0.3095	True	1.0792	0.31	1.210571	True	True	5.1753	False
chen_stress_balanced_t003	TF-restricted	5	95	38	0.1	0.4	0.5	0.2	0.1	chen_stress_balanced	edge-density-matched (N_EDGES=38)	chen_stress_balanced_t003	5	True	3	0.2	0.4	Type E	{'Type E': 5}		False	0.3489	True	1.165430576996038e+29	0.35	1.163509	False	False	1.785174349551555e+30	False
chen_stress_balanced_t004	TF-restricted	5	95	38	0.1	0.4	0.5	0.2	0.1	chen_stress_balanced	edge-density-matched (N_EDGES=38)	chen_stress_balanced_t004	5	True	4	0.2	0.4	Type A	{'Type A': 5}	55.0	False	0.199	True	0.6716	0.2	1.16871	True	True	2.8034	False
chen_stress_balanced_t005	TF-restricted	5	95	38	0.1	0.4	0.5	0.2	0.1	chen_stress_balanced	edge-density-matched (N_EDGES=38)	chen_stress_balanced_t005	5	True	5	0.2	0.4	Type A	{'Type A': 5}	59.4	False	0.2494	True	0.4294	0.25	1.005953	True	True	3.0034	False
chen_stress_balanced_t006	TF-restricted	5	95	38	0.1	0.4	0.5	0.2	0.1	chen_stress_balanced	edge-density-matched (N_EDGES=38)	chen_stress_balanced_t006	5	True	6	0.2	0.4	Type A	{'Type A': 5}	52.6	False	0.4485	True	0.7665	0.45	0.871281	True	True	2.7851	False
chen_stress_balanced_t007	TF-restricted	5	95	38	0.1	0.4	0.5	0.2	0.1	chen_stress_balanced	edge-density-matched (N_EDGES=38)	chen_stress_balanced_t007	5	True	7	0.2	0.4	Type E	{'Type E': 5}		False	0.4483	True	12326063508157.8	0.45	1.041611	False	False	123409593091689.3	False
chen_stress_balanced_t008	TF-restricted	5	95	38	0.1	0.4	0.5	0.2	0.1	chen_stress_balanced	edge-density-matched (N_EDGES=38)	chen_stress_balanced_t008	5	True	8	0.2	0.4	Type A	{'Type A': 5}	66.0	False	0.347	True	0.8228	0.35	1.029701	True	True	3.1627	False
chen_stress_balanced_t009	TF-restricted	5	95	38	0.1	0.4	0.5	0.2	0.1	chen_stress_balanced	edge-density-matched (N_EDGES=38)	chen_stress_balanced_t009	5	True	9	0.2	0.4	Type A	{'Type A': 5}	65.6	False	0.3486	True	1.1608	0.35	1.093207	True	True	3.775	False
baseline_repression_biased_t000	TF-restricted	5	95	38	0.1	0.4	0.333	0.2	0.1	baseline_repression_biased	edge-density-matched (N_EDGES=38)	baseline_repression_biased_t000	5	True	0	0.02	0.1	Type A	{'Type A': 5}	48.4	False	0.0	False	0.3884	0.0	0.876105	True	True	0.9967	False
baseline_repression_biased_t001	TF-restricted	5	95	38	0.1	0.4	0.333	0.2	0.1	baseline_repression_biased	edge-density-matched (N_EDGES=38)	baseline_repression_biased_t001	5	True	1	0.02	0.1	Type A	{'Type A': 5}	43.6	False	0.0496	False	0.3996	0.05	0.865302	True	True	0.9971	False
baseline_repression_biased_t002	TF-restricted	5	95	38	0.1	0.4	0.333	0.2	0.1	baseline_repression_biased	edge-density-matched (N_EDGES=38)	baseline_repression_biased_t002	5	True	2	0.02	0.1	Type A	{'Type A': 5}	43.0	False	0.0	False	0.4251	0.0	0.801185	True	True	0.9973	False
baseline_repression_biased_t003	TF-restricted	5	95	38	0.1	0.4	0.333	0.2	0.1	baseline_repression_biased	edge-density-matched (N_EDGES=38)	baseline_repression_biased_t003	5	True	3	0.02	0.1	Type A	{'Type A': 5}	43.0	False	0.0992	False	0.3811	0.1	0.809776	True	True	0.9994	False
baseline_repression_biased_t004	TF-restricted	5	95	38	0.1	0.4	0.333	0.2	0.1	baseline_repression_biased	edge-density-matched (N_EDGES=38)	baseline_repression_biased_t004	5	True	4	0.02	0.1	Type A	{'Type A': 5}	51.8	False	0.0	False	0.4454	0.0	0.855315	True	True	1.0469	False
baseline_repression_biased_t005	TF-restricted	5	95	38	0.1	0.4	0.333	0.2	0.1	baseline_repression_biased	edge-density-matched (N_EDGES=38)	baseline_repression_biased_t005	5	True	5	0.02	0.1	Type A	{'Type A': 5}	44.8	False	0.0	False	0.4337	0.0	0.821013	True	True	0.9997	False
baseline_repression_biased_t006	TF-restricted	5	95	38	0.1	0.4	0.333	0.2	0.1	baseline_repression_biased	edge-density-matched (N_EDGES=38)	baseline_repression_biased_t006	5	True	6	0.02	0.1	Type A	{'Type A': 5}	46.6	False	0.0495	False	0.3864	0.05	0.839728	True	True	0.9967	False
baseline_repression_biased_t007	TF-restricted	5	95	38	0.1	0.4	0.333	0.2	0.1	baseline_repression_biased	edge-density-matched (N_EDGES=38)	baseline_repression_biased_t007	5	True	7	0.02	0.1	Type A	{'Type A': 5}	49.6	False	0.0498	False	0.4334	0.05	0.862492	True	True	0.9927	False
baseline_repression_biased_t008	TF-restricted	5	95	38	0.1	0.4	0.333	0.2	0.1	baseline_repression_biased	edge-density-matched (N_EDGES=38)	baseline_repression_biased_t008	5	True	8	0.02	0.1	Type A	{'Type A': 5}	48.0	False	0.0	False	0.444	0.0	0.844622	True	True	0.9918	False
baseline_repression_biased_t009	TF-restricted	5	95	38	0.1	0.4	0.333	0.2	0.1	baseline_repression_biased	edge-density-matched (N_EDGES=38)	baseline_repression_biased_t009	5	True	9	0.02	0.1	Type A	{'Type A': 5}	55.0	False	0.0	False	0.4585	0.0	0.900222	True	True	0.9897	False
chen_moderate_repression_biased_t000	TF-restricted	5	95	38	0.1	0.4	0.333	0.2	0.1	chen_moderate_repression_biased	edge-density-matched (N_EDGES=38)	chen_moderate_repression_biased_t000	5	True	0	0.1	0.2	Type A	{'Type A': 5}	64.2	False	0.1976	True	0.3946	0.2	0.988707	True	True	1.2753	False
chen_moderate_repression_biased_t001	TF-restricted	5	95	38	0.1	0.4	0.333	0.2	0.1	chen_moderate_repression_biased	edge-density-matched (N_EDGES=38)	chen_moderate_repression_biased_t001	5	True	1	0.1	0.2	Type A	{'Type A': 5}	46.0	False	0.3974	True	0.401	0.4	0.936642	True	True	1.2483	False
chen_moderate_repression_biased_t002	TF-restricted	5	95	38	0.1	0.4	0.333	0.2	0.1	chen_moderate_repression_biased	edge-density-matched (N_EDGES=38)	chen_moderate_repression_biased_t002	5	True	2	0.1	0.2	Type A	{'Type A': 5}	51.4	False	0.1495	True	0.3242	0.15	0.812239	True	True	1.0802	False
chen_moderate_repression_biased_t003	TF-restricted	5	95	38	0.1	0.4	0.333	0.2	0.1	chen_moderate_repression_biased	edge-density-matched (N_EDGES=38)	chen_moderate_repression_biased_t003	5	True	3	0.1	0.2	Type A	{'Type A': 5}	57.4	False	0.3977	True	0.4231	0.4	0.806654	True	True	1.7498	False
chen_moderate_repression_biased_t004	TF-restricted	5	95	38	0.1	0.4	0.333	0.2	0.1	chen_moderate_repression_biased	edge-density-matched (N_EDGES=38)	chen_moderate_repression_biased_t004	5	True	4	0.1	0.2	Type A	{'Type A': 5}	91.0	False	0.0997	True	0.3979	0.1	0.945441	True	True	1.3081	False
chen_moderate_repression_biased_t005	TF-restricted	5	95	38	0.1	0.4	0.333	0.2	0.1	chen_moderate_repression_biased	edge-density-matched (N_EDGES=38)	chen_moderate_repression_biased_t005	5	True	5	0.1	0.2	Type A	{'Type A': 5}	49.8	False	0.0995	True	0.3158	0.1	0.853556	True	True	1.1005	False
chen_moderate_repression_biased_t006	TF-restricted	5	95	38	0.1	0.4	0.333	0.2	0.1	chen_moderate_repression_biased	edge-density-matched (N_EDGES=38)	chen_moderate_repression_biased_t006	5	True	6	0.1	0.2	Type A	{'Type A': 5}	47.4	False	0.2979	True	0.3399	0.3	0.942367	True	True	1.1495	False
chen_moderate_repression_biased_t007	TF-restricted	5	95	38	0.1	0.4	0.333	0.2	0.1	chen_moderate_repression_biased	edge-density-matched (N_EDGES=38)	chen_moderate_repression_biased_t007	5	True	7	0.1	0.2	Type A	{'Type A': 5}	62.2	False	0.1498	True	0.4643	0.15	0.917067	True	True	1.1818	False
chen_moderate_repression_biased_t008	TF-restricted	5	95	38	0.1	0.4	0.333	0.2	0.1	chen_moderate_repression_biased	edge-density-matched (N_EDGES=38)	chen_moderate_repression_biased_t008	5	True	8	0.1	0.2	Type A	{'Type A': 5}	52.4	False	0.1496	True	0.3484	0.15	0.950053	True	True	1.0885	False
chen_moderate_repression_biased_t009	TF-restricted	5	95	38	0.1	0.4	0.333	0.2	0.1	chen_moderate_repression_biased	edge-density-matched (N_EDGES=38)	chen_moderate_repression_biased_t009	5	True	9	0.1	0.2	Type A	{'Type A': 5}	104.6	False	0.1998	True	0.41	0.2	1.031963	True	True	1.2842	False
stress_repression_biased_t000	TF-restricted	5	95	38	0.1	0.4	0.333	0.2	0.1	stress_repression_biased	edge-density-matched (N_EDGES=38)	stress_repression_biased_t000	5	True	0	0.1	0.3	Type A	{'Type A': 5}	51.0	False	0.3487	True	0.4921	0.35	0.997574	True	True	1.6999	False
stress_repression_biased_t001	TF-restricted	5	95	38	0.1	0.4	0.333	0.2	0.1	stress_repression_biased	edge-density-matched (N_EDGES=38)	stress_repression_biased_t001	5	True	1	0.1	0.3	Type A	{'Type A': 5}	50.6	False	0.4472	True	0.4985	0.45	0.968051	True	True	2.0299	False
stress_repression_biased_t002	TF-restricted	5	95	38	0.1	0.4	0.333	0.2	0.1	stress_repression_biased	edge-density-matched (N_EDGES=38)	stress_repression_biased_t002	5	True	2	0.1	0.3	Type A	{'Type A': 5}	49.6	False	0.2986	True	0.3087	0.3	0.833903	True	True	1.3801	False
stress_repression_biased_t003	TF-restricted	5	95	38	0.1	0.4	0.333	0.2	0.1	stress_repression_biased	edge-density-matched (N_EDGES=38)	stress_repression_biased_t003	5	True	3	0.1	0.3	Type B	{'Type B': 5}	526.0	False	0.547	True	2.4701	0.55	0.985111	True	True	11.7084	False
stress_repression_biased_t004	TF-restricted	5	95	38	0.1	0.4	0.333	0.2	0.1	stress_repression_biased	edge-density-matched (N_EDGES=38)	stress_repression_biased_t004	5	True	4	0.1	0.3	Type A	{'Type A': 5}	59.0	False	0.257	True	0.3959	0.26	1.043773	True	True	1.9184	False
stress_repression_biased_t005	TF-restricted	5	95	38	0.1	0.4	0.333	0.2	0.1	stress_repression_biased	edge-density-matched (N_EDGES=38)	stress_repression_biased_t005	5	True	5	0.1	0.3	Type A	{'Type A': 5}	55.6	False	0.2993	True	0.3314	0.3	0.933323	True	True	1.1035	False
stress_repression_biased_t006	TF-restricted	5	95	38	0.1	0.4	0.333	0.2	0.1	stress_repression_biased	edge-density-matched (N_EDGES=38)	stress_repression_biased_t006	5	True	6	0.1	0.3	Type A	{'Type A': 5}	46.2	False	0.2994	True	0.3211	0.3	0.984164	True	True	1.3642	False
stress_repression_biased_t007	TF-restricted	5	95	38	0.1	0.4	0.333	0.2	0.1	stress_repression_biased	edge-density-matched (N_EDGES=38)	stress_repression_biased_t007	5	True	7	0.1	0.3	Type A	{'Type A': 5}	43.0	False	0.349	True	0.4755	0.35	0.99858	True	True	1.5925	False
stress_repression_biased_t008	TF-restricted	5	95	38	0.1	0.4	0.333	0.2	0.1	stress_repression_biased	edge-density-matched (N_EDGES=38)	stress_repression_biased_t008	5	True	8	0.1	0.3	Type A	{'Type A': 5}	54.0	False	0.3977	True	0.3508	0.4	1.014032	True	True	1.6339	False
stress_repression_biased_t009	TF-restricted	5	95	38	0.1	0.4	0.333	0.2	0.1	stress_repression_biased	edge-density-matched (N_EDGES=38)	stress_repression_biased_t009	5	True	9	0.1	0.3	Type A	{'Type A': 5}	66.8	False	0.2409	True	0.3846	0.24	1.09289	True	True	1.5949	False
chen_stress_repression_biased_t000	TF-restricted	5	95	38	0.1	0.4	0.333	0.2	0.1	chen_stress_repression_biased	edge-density-matched (N_EDGES=38)	chen_stress_repression_biased_t000	5	True	0	0.2	0.4	Type A	{'Type A': 5}	52.0	False	0.4471	True	0.494	0.45	1.081758	True	True	2.1953	False
chen_stress_repression_biased_t001	TF-restricted	5	95	38	0.1	0.4	0.333	0.2	0.1	chen_stress_repression_biased	edge-density-matched (N_EDGES=38)	chen_stress_repression_biased_t001	5	True	1	0.2	0.4	Type A	{'Type A': 5}	53.6	False	0.4487	True	0.7145	0.45	1.074232	True	True	3.0474	False
chen_stress_repression_biased_t002	TF-restricted	5	95	38	0.1	0.4	0.333	0.2	0.1	chen_stress_repression_biased	edge-density-matched (N_EDGES=38)	chen_stress_repression_biased_t002	5	True	2	0.2	0.4	Type A	{'Type A': 5}	49.2	False	0.3984	True	0.3485	0.4	0.841769	True	True	2.2264	False
chen_stress_repression_biased_t003	TF-restricted	5	95	38	0.1	0.4	0.333	0.2	0.1	chen_stress_repression_biased	edge-density-matched (N_EDGES=38)	chen_stress_repression_biased_t003	5	True	3	0.2	0.4	Type B	{'Type B': 5}		False	0.5476	True	8.1501	0.55	0.981316	False	True	59.7151	False
chen_stress_repression_biased_t004	TF-restricted	5	95	38	0.1	0.4	0.333	0.2	0.1	chen_stress_repression_biased	edge-density-matched (N_EDGES=38)	chen_stress_repression_biased_t004	5	True	4	0.2	0.4	Type A	{'Type A': 5}	47.2	False	0.3693	True	0.3857	0.37	1.155848	True	True	2.31	False
chen_stress_repression_biased_t005	TF-restricted	5	95	38	0.1	0.4	0.333	0.2	0.1	chen_stress_repression_biased	edge-density-matched (N_EDGES=38)	chen_stress_repression_biased_t005	5	True	5	0.2	0.4	Type A	{'Type A': 5}	43.2	False	0.498	True	0.3007	0.5	0.97004	True	True	1.0109	False
chen_stress_repression_biased_t006	TF-restricted	5	95	38	0.1	0.4	0.333	0.2	0.1	chen_stress_repression_biased	edge-density-matched (N_EDGES=38)	chen_stress_repression_biased_t006	5	True	6	0.2	0.4	Type A	{'Type A': 5}	48.2	False	0.4483	True	0.3205	0.45	1.1493	True	True	1.9295	False
chen_stress_repression_biased_t007	TF-restricted	5	95	38	0.1	0.4	0.333	0.2	0.1	chen_stress_repression_biased	edge-density-matched (N_EDGES=38)	chen_stress_repression_biased_t007	5	True	7	0.2	0.4	Type A	{'Type A': 5}	46.6	False	0.3496	True	0.5125	0.35	1.088163	True	True	2.0757	False
chen_stress_repression_biased_t008	TF-restricted	5	95	38	0.1	0.4	0.333	0.2	0.1	chen_stress_repression_biased	edge-density-matched (N_EDGES=38)	chen_stress_repression_biased_t008	5	True	8	0.2	0.4	Type A	{'Type A': 5}	50.0	False	0.5479	True	0.4004	0.55	1.15676	True	True	2.5355	False
chen_stress_repression_biased_t009	TF-restricted	5	95	38	0.1	0.4	0.333	0.2	0.1	chen_stress_repression_biased	edge-density-matched (N_EDGES=38)	chen_stress_repression_biased_t009	5	True	9	0.2	0.4	Type A	{'Type A': 5}	56.0	False	0.527	True	0.4279	0.53	1.263887	True	True	2.9979	False
